fid	Museum_ID	Museum_kod	Museum_NAM	Museum_Pro	Museum_Kab	Museum_Ala	Museum_LAT	Museum_LON	Museum_Jen	Museum_Tip	Museum_Pen	Museum_Fot	Museum_P_1	Museum_Kar
1	"1"	"1"	Museum Keprajuritan Indonesia	jakarta	jakarta timur	"Jl. Raya Taman Mini, Ceger, Kec. Cipayung, Kota Jakarta Timur"	-6.305699242000000	106.896254099999993	Museum Khusus	Tipe B	Badan Pelaksana Pengelola Taman Mini Indonesia Indah	D:\GIS_2022PTIKC_2522078_IKLASILAHI\img\1.jpg	17000.000000000000000	10.000000000000000
2	"2"	"2"	Museum Layang-layang Indonesia	jakarta	jakarta selatan	"Jl. H. Kamang No.38 8, RT.8/RW.10, Pd. Labu, Kec. Cilandak"	-6.306903489000000	106.792727600000006	Museum Khusus	Tipe C	Museum Layang-Layang	D:\GIS_2022PTIKC_2522078_IKLASILAHI\img\2.jpg	798.000000000000000	23.000000000000000
3	"3"	"3"	Museum Listrik dan Energi Baru	jakarta	jakarta timur	"Jl. Kramat Jati, Pinang Ranti, Kec. Cipayung, Kota Jakarta Timur"	-6.303097058000000	106.905456099999995	Museum khusus	Tipe A	PT.PLN (PERSERO) PUSAT-PUSDIKLAT	D:\GIS_2022PTIKC_2522078_IKLASILAHI\img\3.jpg	800.000000000000000	54.000000000000000
4	"4"	"4"	Museum Macan (Modern and Contemporary Art in Nusantara)	jakarta	Jakarta Barat	"Jl. Panjang No.5, Kb. Jeruk, Kec. Kb. Jeruk, Kota Jakarta Barat"	-6.190936731000000	106.768844099999995	Museum Khusus	Tipe A	Yayasan Museum MACAN	D:\GIS_2022PTIKC_2522078_IKLASILAHI\img\4.jpg	400.000000000000000	6.000000000000000
5	"5"	"5"	Museum Mandiri	Jakarta	Jakarta Barat	"Jl. Lapangan Stasiun No.1, RT.3/RW.6, Pinangsia, Kec. Taman Sari"	-6.137343243000000	106.815449999999998	Museum Khusus	Tipe A	Bank Mandiri	D:\GIS_2022PTIKC_2522078_IKLASILAHI\img\5.jpg	7500.000000000000000	7.000000000000000
6	"6"	"6"	Museum MH. Thamrin	jakarta	kota jakarta Pusat	"Jl. Kenari 2 No.15, RW.4, Kenari"	-6.193419905000000	106.850600299999996	Museum Khusus	Tipe C	Unit Pengelola Museum Kesejahteraan Jakarta	D:\GIS_2022PTIKC_2522078_IKLASILAHI\img\6.jpg	3000.000000000000000	15.000000000000000
7	"7"	"7"	Museum Nasional Indonesia	jakarta	kota jakarta Pusat	"Jl. Medan Merdeka Barat No.12, Gambir"	-6.175506108000000	106.824594200000007	Museum Umum	Tipe A	UPT Museum Nasional	D:\GIS_2022PTIKC_2522078_IKLASILAHI\img\7.jpg	12000.000000000000000	25.000000000000000
8	"8"	"8"	Bayt Al-Qur’an dan Museum Istiqlal	Jakarta	Jakarta Timur	Jl.RayaTaman Mini Indonesia Indah Pintu 1	-6.302470282000000	106.888463400000006	Museum Khusus	Tipe C	"Lajnah Pentashihan Mushaf Al-Qur'an,Badan Litbang dan Diklat Kementrian Agama"	D:\GIS_2022PTIKC_2522078_IKLASILAHI\img\8.jpg	1200.000000000000000	56.000000000000000
9	"9"	"9"	Galeri Foto Jurnalistik Antara	Jakarta	Jakarta Pusat	"Jl.Antara N0.59,Pasar Baru,Jakarta Pusat"	-6.165325492000000	106.834426500000006	Museum Khusus	Tipe B	Perum Lembaga Kantor Berita Nasional	D:\GIS_2022PTIKC_2522078_IKLASILAHI\img\9.jpg	3000.000000000000000	45.000000000000000
10	"10"	"10"	Galeri Nasional Indonesia	Jakarta	kota Jakarta Pusat	"Jl.Medan Merdeka Timur No.14, Gambir, Jakarta Pusat."	-6.177737544000000	106.833629900000005	Museum Khusus	Tipe A	Kementrian Pendidikan dan Kebudayaan	D:\GIS_2022PTIKC_2522078_IKLASILAHI\img\10.jpg	5120.000000000000000	34.000000000000000
11	"11"	"11"	Monumen Pancasila Sakti	Jakarta	Jakarta Timur	"Jl. Raya Pondok Gede, Lubang Buaya, Kec Cipayung"	-6.284892350000000	106.904810400000002	Museum Khusus	Tipe B	Pusat Sejarah Tentara Nasional Indonesia	D:\GIS_2022PTIKC_2522078_IKLASILAHI\img\11.jpg	3120.000000000000000	33.000000000000000
12	"12"	"12"	Museum Anatomi Universitas Katolik (Unika) Atmajaya	Jakarta	Jakarta Selatan	"Jl. Pluit Selatan Raya No.19, RT.16/RW.8, Penjaringan, Kec. Penjaringan"	-6.124924339000000	106.794174999999996	Museum Khusus	Tipe C	Fakultas Kedokteran Universitas Katolik Atma Jaya	D:\GIS_2022PTIKC_2522078_IKLASILAHI\img\12.jpg	6000.000000000000000	55.000000000000000
13	"13"	"13"	Museum Asmat TMII	Jakarta	Jakarta Timur	"Taman Mini Indonesia Indah (TMII), Jakarta Timur, DKI Jakarta 13560"	-6.305456471000000	106.894351799999995	Museum Khusus	Tipe B	Yayasan Taman Mini Indonesia Indah	D:\GIS_2022PTIKC_2522078_IKLASILAHI\img\13.jpg	500.000000000000000	24.000000000000000
14	"14"	"14"	Museum Bahari	Jakarta	jakarta utara	"Jl. Pasar Ikan No.1, Penjaringan"	-6.126101895000000	106.806873300000007	Museum Khusus	Tipe A	Dinas Kebudayaan Provinsi DKI Jakarta	D:\GIS_2022PTIKC_2522078_IKLASILAHI\img\14.jpg	400.000000000000000	45.000000000000000
15	"15"	"15"	Museum Bank Indonesia	Jakarta	Jakarta Barat	"Jl.Besar Utara No. 3, Pinangsia, Kecamatan Taman Sari,"	-6.136466559000000	106.810624300000001	Museum Khusus	Tipe A	Direktorat Komunikasi Indonesia	D:\GIS_2022PTIKC_2522078_IKLASILAHI\img\15.jpg	13000.000000000000000	34.000000000000000
16	"16"	"16"	Museum Basoeki Abdullah 	Jakarta	Jakarta Selatan	JL.Keuangan Raya No. 19 Cilandak Barat	-6.288929702000000	106.794909899999993	Museum Khusus	Tipe A	UPT Museum Basoeki Abdullah	D:\GIS_2022PTIKC_2522078_IKLASILAHI\img\16.jpg	12000.000000000000000	70.000000000000000
17	"17"	"17"	Museum Benda-Benda Alkitab Yerushalayim	Jakarta	jakarta utara	"JL. Raya Jl. Sengon No.54, RT.1/RW.022, Klp. Gading Bar., Kec. Klp. Gading"	-6.141584220000000	106.902275799999998	Museum Khusus	Belum Memenuhi Standar	Kementerian Pendidikan dan Kebudayaan	D:\GIS_2022PTIKC_2522078_IKLASILAHI\img\17.jpg	300.000000000000000	90.000000000000000
18	"18"	"18"	Museum BNI 1946	Jakarta	Jakarta Barat	"Jl. Lada No.27, RT.4/RW.6, Pinangsia, Kec. Taman Sari, Kota Jakarta Barat"	-6.135952200000000	106.815509800000001	Museum Khusus	Belom di standarisasi	PT Bank Negara Indonesia	D:\GIS_2022PTIKC_2522078_IKLASILAHI\img\18.jpg	11000.000000000000000	48.000000000000000
19	"19"	"19"	Museum Ciputra Artpreneur	Jakarta	Jakarta Selatan	"Jl. Prof. DR. Satrio No.Kav. 3-5 Level 11, Kuningan, Karet Kuningan"	-6.223872909000000	106.822812799999994	Museum Khusus	Belum  Memenuhi standar	Citra Art Management	D:\GIS_2022PTIKC_2522078_IKLASILAHI\img\19.jpg	10000.000000000000000	50.000000000000000
20	"20"	"20"	Museum Dharma Bhakti Kostrad	Jakarta	Jakarta Timur	"Jl. Cilangkap, Kec. Cipayung, Kota Jakarta Timur, Daerah Khusus Ibukota Jakarta 13870"	-6.316968784000000	106.913789100000002	Museum Khusus	Tipe B	Komando Strategis Angkatan Darat	D:\GIS_2022PTIKC_2522078_IKLASILAHI\img\20.jpg	4000.000000000000000	25.000000000000000
21	"21"	"21"	Museum di Tengah Kebun	Jakarta	Jakarta Selatan	"Jl. Kemang Timur No.66 7, RT.7/RW.3, Bangka, Kec. Mampang Prpt"	-6.266873117000000	106.825995300000002	Museum Swasta	Belum Memenuhi Standar	Mirza Djalil	D:\GIS_2022PTIKC_2522078_IKLASILAHI\img\21.jpg	20000.000000000000000	5.000000000000000
22	"22"	"22"	Museum DPR RI	Jakarta	Jakarta Pusat	"Jl. Gatot Subroto Lantai 2, Gelora, Kecamatan Tanah Abang"	-6.210167337000000	106.800332800000007	Museum Khusus	Tipe B	Sekretariat Jenderal Dewan Perwakilan Rakyat Republik Indonesia	D:\GIS_2022PTIKC_2522078_IKLASILAHI\img\22.jpg	16000.000000000000000	7.000000000000000
23	"23"	"23"	Museum Fauna Indonesia “Komodo” dan Taman Reptilia	Jakarta	Jakarta Timur	"Jl. Taman Mini Indonesia Indah, RW.2, Ceger, Kec. Cipayung"	-6.303598906000000	106.901649100000000	Museum Khusus	Tipe C	Yayasan Harapan Kita	D:\GIS_2022PTIKC_2522078_IKLASILAHI\img\23.jpg	32000.000000000000000	76.000000000000000
24	"24"	"24"	Museum Graha Widya Patra (Minyak dan Gas Bumi)	Jakarta	Jakarta Timur	"Jl. Taman Mini Indonesia Indah, Bambu Apus, Kec. Cipayung"	-6.302075408000000	106.905479700000001	Museum Khusus	Tipe B	PT Pertamina	D:\GIS_2022PTIKC_2522078_IKLASILAHI\img\24.jpg	800.000000000000000	34.000000000000000
25	"25"	"25"	Museum Hakka Indonesia	Jakarta	Jakarta Timur	"Jl.Raya Taman Mini, Ceger, Kecamatan Cipayung"	-6.305094859000000	106.904696999999999	Museum Khusus	Tipe B	Yayasan Hakka Indonesia Sejahtera	D:\GIS_2022PTIKC_2522078_IKLASILAHI\img\25.jpg	400.000000000000000	24.000000000000000
26	"26"	"26"	Museum Harry Darsono	Jakarta	Jakarta Selatan	"Jl. Cilandak Tengah Raya No.71, RT.2/RW.13, Cilandak Bar., Kec. CilandaK"	-6.288785879000000	106.800758099999996	Museum Pribadi	Belum Memenuhi Standar	"Sir Dr. Harry Darsono, PhD,"	D:\GIS_2022PTIKC_2522078_IKLASILAHI\img\26.jpg	12000.000000000000000	34.000000000000000
27	"27"	"27"	Museum Indonesia	Jakarta	Jakarta Timur	"Jl. Taman Mini Indonesia Indah, Ceger, Kec. Cipayung"	-6.300460132000000	106.894362500000000	Museum Khusus	Tipe B	PT Bhumi Visatanda Indonesia	D:\GIS_2022PTIKC_2522078_IKLASILAHI\img\27.jpg	25000.000000000000000	56.000000000000000
28	"28"	"28"	Museum Jenderal Besar Dr. A.H. Nasution	Jakarta	kota Jakarta Pusat	"Jl. Teuku Umar No.40, RT.1/RW.1, Gondangdi, Kec. Menteng"	-6.192950528000000	106.833286799999996	Museum Khusus	Tipe C	Dinas Sejarah TNI AD	D:\GIS_2022PTIKC_2522078_IKLASILAHI\img\28.jpg	45000.000000000000000	45.000000000000000
29	"29"	"29"	Museum Joang 45 	Jakarta	kota Jakarta Pusat	"Jl. Menteng Raya No.31, RT.01/RW.10 Kebon Sirih, Menteng,"	-6.185082794000000	106.839075100000002	Museum Khusus	Tipe C	Unit Pengelola Museum Kesejahteraan Jakarta	D:\GIS_2022PTIKC_2522078_IKLASILAHI\img\29.jpg	1200.000000000000000	34.000000000000000
30	"30"	"30"	Museum Katedral Jakarta	Jakarta	kota Jakarta Pusat	"Jl. Katedral, Ps. Baru, Kecamatan Sawah Besar"	-6.168100562000000	106.837804399999996	Museum Khusus	Tipe B	Paroki Gereja Katedral Jakarta	D:\GIS_2022PTIKC_2522078_IKLASILAHI\img\30.jpg	3120.000000000000000	23.000000000000000
31	"31"	"31"	Museum Kebangkitan Nasional	Jakarta	kota Jakarta Pusat	"Jl. Abdul Rachman Saleh No.26, Senen, Kec. Senen, Kota Jakarta Pusat"	-6.177814946000000	106.840462599999995	Museum Khusus	Tipe A	Museum Kebangkitan Nasional	D:\GIS_2022PTIKC_2522078_IKLASILAHI\img\31.jpg	6000.000000000000000	67.000000000000000
32	"32"	"32"	Museum Kehutanan “Ir. Djamaludin Suryohadikusumo	Jakarta	Jakarta Selatan	Jl.Gatot Subroto	-6.206594328000000	106.799172400000003	Museum Khusus	Tipe C	Kementrian Lingkungan Hidup dan Kehutanan	D:\GIS_2022PTIKC_2522078_IKLASILAHI\img\32.jpg	500.000000000000000	55.000000000000000
33	"33"	"33"	Museum Olahraga Nasional	jakarta	kota jakarta timur	"Jl. Hankam Raya No.8, RT.1/RW.2, Ceger, Kec. Cipayung, Kota Jakarta Timur"	-6.304085317000000	106.889333300000004	Museum Khusus	Tipe B	Kementrian Pemuda Dan Olahraga	D:\GIS_2022PTIKC_2522078_IKLASILAHI\img\33.jpg	400.000000000000000	44.000000000000000
34	"34"	"34"	Museum Pemadam Kebakaran	jakarta	jakarta timur	"Jl. Komp. TMII Pintu 3, Lubang Buaya, Kec. Cipayung"	-6.294476982000000	106.936061800000004	Museum Khusus	Tipe C	Dinas Penanggulangan dan Penyelamatan Provinsi DKI Jakarta	D:\GIS_2022PTIKC_2522078_IKLASILAHI\img\34.jpg	13000.000000000000000	33.000000000000000
35	"35"	"35"	Museum Penerangan	jakarta	jakarta timur	Jl. Taman Mini Indonesia Indah	-6.299314613000000	106.893931899999998	Museum Khusus	Tipe A	Kementrian Komunikasi dan Informatika	D:\GIS_2022PTIKC_2522078_IKLASILAHI\img\35.jpg	12000.000000000000000	44.000000000000000
36	"36"	"36"	Museum Perumusan Naskah Proklamasi	jakarta	kota Jakarta Pusat	"Jl. Imam Bonjol No.1, RT.9/RW.4, Menteng, Kec. Menteng"	-6.199531720000000	106.835154799999998	Museum Khusus	Tipe B	"Kementerian Pendidikan, Kebudayaan, Riset, dan Teknologi Republik Indonesia"	D:\GIS_2022PTIKC_2522078_IKLASILAHI\img\36.jpg	300.000000000000000	55.000000000000000
37	"37"	"37"	Museum Polri	jakarta	jakarta selatan	"Jl. Trunojoyo No.3, RT.5/RW.2, Selong, Kec. Kby. Baru"	-6.239298380000000	106.803149700000006	Museum Khusus	Tipe C	Museum Polisi Republik Indonesia	D:\GIS_2022PTIKC_2522078_IKLASILAHI\img\37.jpg	11000.000000000000000	44.000000000000000
38	"38"	"38"	Museum Prangko	jakarta	jakarta timur	"Jl.Taman Mini Indonesia Indah, Jalan Taman Mini Indonesia Indah"	-6.303970814000000	106.902276799999996	Museum Khusus	Tipe C	PT.Pos Indonesia	D:\GIS_2022PTIKC_2522078_IKLASILAHI\img\38.jpg	10000.000000000000000	55.000000000000000
39	"39"	"39"	Museum Prasasti Jakarta	jakarta	kota jakarta Pusat	"Jl. Tanah Abang I No.1, RT.11/RW.8, Petojo Sel., Kecamatan Gambir"	-6.171840101000000	106.817424500000001	Museum Khusus	Tipe C	"Unit Pengelola Museum Seni, Dinas Kebudayaan Provinsi DKI Jakarta"	D:\GIS_2022PTIKC_2522078_IKLASILAHI\img\39.jpg	32000.000000000000000	44.000000000000000
40	"40"	"40"	Museum Purna Bhakti Pertiwi	jakarta	jakarta timur	Jl. Taman Mini Indonesia Indah	-6.299706257000000	106.889874599999999	Museum Khusus	Tipe C	Yayasan Harapan Kita	D:\GIS_2022PTIKC_2522078_IKLASILAHI\img\40.jpg	19000.000000000000000	55.000000000000000
41	"41"	"41"	Museum Pusaka	jakarta	jakarta timur	"Jl. Taman, Mini, Kec. Cipayung, Kota Jakarta Timur3"	-6.305096740000000	106.896663899999993	Museum Khusus	Tipe C	"PT.Taman Wisata Candi Brobudur,Prambanan dan Ratu Boko"	D:\GIS_2022PTIKC_2522078_IKLASILAHI\img\41.jpg	22000.000000000000000	67.000000000000000
42	"42"	"42"	Museum Sasmitaloka Pahlawan Revolusi Jenderal TNI A. Yani	jakarta	kota jakarta Pusat	"Jl. Lembang No.67, RT.11/RW.7, Menteng"	-6.203952690000000	106.837993400000002	Museum Khusus	Tipe C	TNI Angkatan Darat (TNI AD)	D:\GIS_2022PTIKC_2522078_IKLASILAHI\img\42.jpg	50000.000000000000000	56.000000000000000
43	"43"	"43"	Museum Satriamandala	jakarta	jakarta selatan	"Jl. Gatot Subroto No.14, RT.6/RW.1"	-6.231583289000000	106.820252800000006	Museum Khusus	Belom di standarisasi	Museum Satriamandala	D:\GIS_2022PTIKC_2522078_IKLASILAHI\img\43.jpg	3000.000000000000000	4.000000000000000
44	"44"	"44"	Museum Sejarah Jakarta	jakarta	Jakarta Barat	"JL.Taman Fatahillah No.1, Pinangsia"	-6.134474617000000	106.810424699999999	Museum Umum	Tipe A	Dinas Kebudayaan Provinsi DKI Jakarta	D:\GIS_2022PTIKC_2522078_IKLASILAHI\img\44.jpg	12000.000000000000000	45.000000000000000
45	"45"	"45"	Museum Seni Rupa dan Keramik	jakarta	Jakarta Barat	"Jl. Pos Kota No.2 9, RT.9/RW.7, Pinangsia"	-6.133449077000000	106.817041099999997	Museum Khusus	Tipe A	Unit Penggelola Museum Seni	D:\GIS_2022PTIKC_2522078_IKLASILAHI\img\45.jpg	2000.000000000000000	45.000000000000000
46	"46"	"46"	Museum Sumpah Pemuda	jakarta	kota jakarta Pusat	"Jl. Kramat Raya No.106, RT.2/RW.9, Kwitang"	-6.182814824000000	106.845968900000003	Museum Khusus	Tipe A	"Kementerian Pendidikan, Kebudayaan, Riset, dan Teknologi Republik Indonesia (Kemendikbudristek RI)"	D:\GIS_2022PTIKC_2522078_IKLASILAHI\img\46.jpg	3000.000000000000000	21.000000000000000
47	"47"	"47"	Museum Tekstil Jakarta	jakarta	Jakarta Barat	"Jl. K.S. Tubun, Kota Bambu Sel., Kec. Palmerah"	-6.187451416000000	106.814800899999994	Museum Khusus	Tipe A	Dinas Kebudayaan Provinsi DKI Jakarta	D:\GIS_2022PTIKC_2522078_IKLASILAHI\img\47.jpg	5120.000000000000000	22.000000000000000
48	"48"	"48"	Museum Timor Timur	jakarta	jakarta timur	Jl.Taman Mini Indonesia Indah	-6.303141390000000	106.902058400000001	museum khusus	Tipe C	Pemerintah Indonesia	D:\GIS_2022PTIKC_2522078_IKLASILAHI\img\48.jpg	3120.000000000000000	12.000000000000000
49	"49"	"49"	Museum Tragedi 12 Mei 1998 Universitas Trisakti	jakarta	Kota Jakarta Barat	"Jl.Tomang, Kec. Grogol petamburan"	-6.167999059000000	106.790974899999995	Museum Khusus	Tipe C	"Universitas Trisakti,"	D:\GIS_2022PTIKC_2522078_IKLASILAHI\img\49.jpg	6000.000000000000000	23.000000000000000
50	"50"	"50"	Museum Transportasi	jakarta	jakarta timur	Jl. Taman Mini I	-6.304101840000000	106.900861899999995	Museum Khusus	Tipe B	Kementrian Perhubungan	D:\GIS_2022PTIKC_2522078_IKLASILAHI\img\50.jpg	1200.000000000000000	23.000000000000000
51	"51"	"51"	Museum Wayang	jakarta	Jakarta Barat	"Jl.Pintu Besar Utara No.27 Pinangsia, RT.3/RW.6, Kota Tua, Kec. Taman Sari"	-6.134029708000000	106.816788000000003	Museum Khusus	Tipe B	"Unit Pengelola Museum Seni, Dinas"	D:\GIS_2022PTIKC_2522078_IKLASILAHI\img\51.jpg	400.000000000000000	12.000000000000000
52	"52"	"52"	Museum Batik Indonesia	jakarta	jakarta timur	Taman Mini Indonesia Indah	-6.305445187000000	106.896954500000007	Museum Khusus	Belom di standarisasi	Direktorat Jendral Kebudayaan	D:\GIS_2022PTIKC_2522078_IKLASILAHI\img\52.jpg	15000.000000000000000	10.000000000000000
53	"53"	"53"	Museum Betawi	jakarta	Jakarta Selatan	"Jl. Situ Babakan No.47, RT.13/RW.8"	-6.338297998000000	106.825993699999998	Museum khusus	Belom di standarisasi	Unit Pengelola Kawasan Perkampungan Budaya Betawi	D:\GIS_2022PTIKC_2522078_IKLASILAHI\img\53.jpg	14000.000000000000000	23.000000000000000
54	"54"	"54"	Museum Benteng Heritage	Banten	Tangerang	"Jl.cilame No 20,pasar lama Tangerang ,Banten"	-6.177748246000000	106.630955900000004	Museum Khusus	Belom di standarisasi	Udaya Halim	D:\GIS_2022PTIKC_2522078_IKLASILAHI\img\54.jpg	300.000000000000000	54.000000000000000
55	"55"	"55"	Museum Multatuli	Banten	kabupaten lebak	Jl.Alun-alun Timur No.8	-6.360434515000000	106.247336899999993	Museum Umum	Tipe C	"Dinas Kebudayaan Dan Pariwisata Kabupaten Lebak,UPT Museum Multatuli"	D:\GIS_2022PTIKC_2522078_IKLASILAHI\img\55.jpg	11000.000000000000000	6.000000000000000
56	"56"	"56"	Museum Negeri Provinsi Banten	Banten	Kota Serang	Jl. Brigjen KH Samun No. 5	-6.038140230000000	106.158445599999993	Museum Umum	Belum Memenuhi Standar	Yayasan Museum Semparaja Bima	D:\GIS_2022PTIKC_2522078_IKLASILAHI\img\56.jpg	1000.000000000000000	7.000000000000000
57	"57"	"57"	Museum Sepeda Pramuka Keliling Dunia	Banten	Kota Serang	"Jl.Raya Serang – Pandeglang Km. 5, Karundang"	-6.152840022000000	106.160505099999995	Museum Khusus	Tipe C	Yayasan Syariful Ichsan	D:\GIS_2022PTIKC_2522078_IKLASILAHI\img\57.jpg	40000.000000000000000	15.000000000000000
58	"58"	"58"	Museum Situs Kepurbakalaan Banten Lama	Banten	Kota Serang	Jl.Banten lama	-6.036104600000000	106.156088499999996	Museum Umum	Tipe C	Yayasan Museum Semparaja Bima	D:\GIS_2022PTIKC_2522078_IKLASILAHI\img\58.jpg	17000.000000000000000	25.000000000000000
59	"59"	"59"	Museum Tari dan Musik Nusantara	Banten	Kota Tangerang Selatan	Jl.Elang Raya No.1	-6.299290000000000	106.733947000000001	Museum Khusus	Belum Memenuhi Standar	Puspo Budoyo	D:\GIS_2022PTIKC_2522078_IKLASILAHI\img\59.jpg	17000.000000000000000	56.000000000000000
60	"60"	"60"	Museum Universitas Pelita Harapan	Banten	Kota Tangerang	"Jl.Boulevard Diponegoro Blok C,Dua,Kec.Dua"	-6.227488953000000	106.611352199999999	Museum Khusus	Tipe C	Universitas Pelita Harapan	D:\GIS_2022PTIKC_2522078_IKLASILAHI\img\60.jpg	798.000000000000000	45.000000000000000
61	"61"	"61"	Monumen & Museum PETA	jawa barat	Kota Bogor	"Jl. Jend. Sudirman No.35, RT.01/RW.05, Pabaton"	-6.584938616000000	106.796747100000005	Museum Khusus	Tipe C	Dinas Sejarah TNI Angkatan Darat	D:\GIS_2022PTIKC_2522078_IKLASILAHI\img\61.jpg	800.000000000000000	34.000000000000000
62	"62"	"62"	Monumen Perjuangan Rakyat Jawa Barat	jawa barat	Kota Bandung	"Jl. Dipati Ukur No.48, Lebakgede"	-6.892921438000000	107.622971600000000	Museum Khusus	Tipe C	Dinas Pariwisata Dan Kebudayaan Provinsi Jawa Barat	D:\GIS_2022PTIKC_2522078_IKLASILAHI\img\62.jpg	400.000000000000000	33.000000000000000
63	"63"	"63"	Museum Amerta Dirgantara Mandala Lanud Suryadarma	jawa barat	Subang	"Kawasan Pangkalan TNI Angkatan Udara Suryadarma, Kalijati, Subang, Jawa Barat"	-6.535503153000000	107.667139800000001	Museum Khusus	Tipe C	Dinas Penerangan TNI Angkatan Udara	D:\GIS_2022PTIKC_2522078_IKLASILAHI\img\63.jpg	7500.000000000000000	55.000000000000000
64	"64"	"64"	Museum Barli	jawa barat	Kota Bandung	"Jl. Prof. Dr. Sutami No. 91, Sukarasa, Kecamatan Sukasari, Kota Bandung, Jawa Barat 40152"	-6.877436476000000	107.590428399999993	Museum Khusus	Tipe c	Barli Sasmitawinata	D:\GIS_2022PTIKC_2522078_IKLASILAHI\img\64.jpg	3000.000000000000000	24.000000000000000
65	"65"	"65"	Museum Bio Farma	jawa barat	Kota Bandung	Jl.Pasteur No.28	-6.899248112000000	107.600149099999996	Museum Khusus	Belom Memenuhi Standar	Corporate Cominications Biofarma	D:\GIS_2022PTIKC_2522078_IKLASILAHI\img\65.jpg	12000.000000000000000	45.000000000000000
66	"66"	"66"	Museum Daerah Kabupaten Subang	jawa barat	Subang	Jl. Ade Irma Suryani Nasution No. 2	-6.566952819000000	107.783569900000003	Museum Umum	Tipe C	Pemerintah Daerah Kabupaten Subang melalui Dinas Pendidikan dan Kebudayaan	D:\GIS_2022PTIKC_2522078_IKLASILAHI\img\66.jpg	1200.000000000000000	34.000000000000000
67	"67"	"67"	Museum Galuh Pakuan	jawa barat	Ciamis	Jl. K.H. Ahmad Dahlan No. 53	-7.332612976000000	108.350524100000001	Museum Khusus	Tipe C	Ilham Purwa	D:\GIS_2022PTIKC_2522078_IKLASILAHI\img\67.jpg	3000.000000000000000	70.000000000000000
68	"68"	"68"	Museum Gedung Perundingan Linggarjati	jawa barat	Kuningan	"Desa Linggarjati, Kecamatan Cilimus, Kabupaten Kuningan, Jawa Barat"	-6.881062620000000	108.475649099999998	Museum Khusus	Tipe C	Dinas Pendidikan Dan Kebudayaan Kuningan	D:\GIS_2022PTIKC_2522078_IKLASILAHI\img\68.jpg	5120.000000000000000	90.000000000000000
69	"69"	"69"	Museum Gedung Pusaka Keraton Kanoman	jawa barat	Kota Cirebon	"Jl.Merdeka No. 28, Kelurahan Lemahwungkuk, Kota Cirebon, Jawa Barat"	-6.722783027000000	108.568585900000002	Museum Khusus	Tipe C	P.R.M. Hamzah	D:\GIS_2022PTIKC_2522078_IKLASILAHI\img\69.jpg	3120.000000000000000	48.000000000000000
70	"70"	"70"	Museum Gedung Sate	jawa barat	Kota Bandung	Jl.Diponegoro No.22	-6.901572792000000	107.619941499999996	Museum Khusus	Tipe C	Biro Umum & Biro Humas & Keprotokolan	D:\GIS_2022PTIKC_2522078_IKLASILAHI\img\70.jpg	6000.000000000000000	50.000000000000000
71	"71"	"71"	Museum Geologi Bandung	jawa barat	Kota Bandung	Jl.Diponegoro No.57	-6.899906715000000	107.623000300000001	Museum Khusus	Tipe A	Unit Pelaksaan Teknis Museum Geologi	D:\GIS_2022PTIKC_2522078_IKLASILAHI\img\71.jpg	500.000000000000000	25.000000000000000
72	"72"	"72"	Museum Kepresidenan Republik Indonesia “Balai Kirti”	jawa barat	Kota Bogor	Jl. Ir. H. Juanda No.1	-6.598296000000000	106.795109800000006	Museum Khusus	Tipe B	"Kementrian Pendidikan ,Kebudayaan,Riset dan Teknologi"	D:\GIS_2022PTIKC_2522078_IKLASILAHI\img\72.jpg	400.000000000000000	5.000000000000000
73	"73"	"73"	Museum Keraton Kacirebonan	jawa barat	Kota Cirebon	Jalan Kasepuhan No. 43	-6.724441206000000	108.566257199999995	Museum Khusus	Tipe A	Dinas Kebudayaan dan Pariwisata Kota Cirebon	D:\GIS_2022PTIKC_2522078_IKLASILAHI\img\73.jpg	13000.000000000000000	7.000000000000000
74	"74"	"74"	Museum Konferensi Asia Afrika	jawa barat	Kota Bandung	JL. Asia Afrika No. 65	-6.920257139000000	107.611516499999993	Museum Khusus	Tipe A	Direktorat Jenderal Informasi dan Diplomasi Publik Kementerian Luar Negeri Republik Indonesia	D:\GIS_2022PTIKC_2522078_IKLASILAHI\img\74.jpg	12000.000000000000000	76.000000000000000
75	"75"	"75"	Museum Mandala Wangsit Siliwangi	jawa barat	Kota Bandung	"JL.Mayor Lembong No. 38,"	-6.917059224000000	107.610468800000007	Museum Khusus	Belom Memenuhi Standar	Tentara Nasional Indonesia (TNI) melalui Komando Daerah Militer (Kodam) III/Siliwangi	D:\GIS_2022PTIKC_2522078_IKLASILAHI\img\75.jpg	300.000000000000000	34.000000000000000
76	"76"	"76"	Museum Nasional Sejarah Alam Indonesia	jawa barat	Kota Bogor	Jl.IR.H.Juanda No. 22-24	-6.597969661000000	106.795722999999995	Museum Khusus	Tipe B	Pusat Penelitian Biologi - LIPI	D:\GIS_2022PTIKC_2522078_IKLASILAHI\img\76.jpg	11000.000000000000000	24.000000000000000
77	"77"	"77"	Museum Negeri Provinsi Jawa Barat Sri Baduga	jawa barat	Kota Bandung	JL. BKR No. 185	-6.937480120000000	107.604114499999994	Museum Umum	Tipe A	Dinas Pariwisata dan Kebudayaan Provinsi Jawa Barat	D:\GIS_2022PTIKC_2522078_IKLASILAHI\img\77.jpg	10000.000000000000000	34.000000000000000
78	"78"	"78"	Museum Nyamuk Loka Litbang P2B2 Ciamis	jawa barat	Pangandaran	"Jl. Raya Pangandaran Km 3, Desa Babakan"	-7.672965339000000	108.680064900000005	Museum Khusus	Belom Memenuhi Standar	Dinas Kesehatan Kabupaten Ciamis dan dikelola oleh Unit Pengelola Teknis Museum Nyamuk Litbang P2B2 Ciamis	D:\GIS_2022PTIKC_2522078_IKLASILAHI\img\78.jpg	4000.000000000000000	56.000000000000000
79	"79"	"79"	Museum Palagan Perjuangan 1945 Bojongkokosan	jawa barat	Sukabumi	Jalan Siliwangi No. 75	-6.826018266000000	106.759893700000006	Museum Khusus	Tipe B	"kepada Dinas Pariwisata, Kebudayaan, Pemuda, dan Olahraga Kabupaten Sukabumi"	D:\GIS_2022PTIKC_2522078_IKLASILAHI\img\79.jpg	20000.000000000000000	45.000000000000000
80	"80"	"80"	Museum Pangeran Cakrabuana	jawa barat	Cirebon	Jalan Sunan Drajat No. 9	-6.762325147000000	108.478247199999998	Museum Khusus	Belom di standarisasi	"Dinas Kebudayaan, Pariwisata, Pemuda, dan Olahraga Kabupaten Cirebon."	D:\GIS_2022PTIKC_2522078_IKLASILAHI\img\80.jpg	16000.000000000000000	34.000000000000000
81	"81"	"81"	Museum Pendidikan Nasional Universitas Pendidikan Indonesia (Mupenas)	jawa barat	Kota Bandung	Jalan Dr. Setiabudhi No. 229	-6.859737829000000	107.594796599999995	Museum Khusus	Tipe A	"Prof. Dr. Leli Yulifar, M.Pd."	D:\GIS_2022PTIKC_2522078_IKLASILAHI\img\81.jpg	32000.000000000000000	23.000000000000000
82	"82"	"82"	Museum Perbendaharaan	jawa barat	Kota Bandung	Jalan Diponegoro No. 59	-6.900516624000000	107.623742800000002	Museum Khusus	Belom di standarisasi	Direktorat Jenderal Perbendaharaan	D:\GIS_2022PTIKC_2522078_IKLASILAHI\img\82.jpg	800.000000000000000	67.000000000000000
83	"83"	"83"	Museum Perjuangan Bogor	jawa barat	Kota Bogor	Jalan Merdeka No. 56	-6.592612353000000	106.791256399999995	Museum Khusus	Tipe C	Dinas Pariwisata dan Kebudayaan Kota Bogor	D:\GIS_2022PTIKC_2522078_IKLASILAHI\img\83.jpg	400.000000000000000	55.000000000000000
84	"84"	"84"	Museum Pos Indonesia	jawa barat	Kota Bandung	Jl. Cilaki No.73	-6.901294621000000	107.623005500000005	Museum Khusus	Belom Memenuhi Standar	PT.Pos Indonesia	D:\GIS_2022PTIKC_2522078_IKLASILAHI\img\84.jpg	12000.000000000000000	44.000000000000000
85	"85"	"85"	Museum Prabu Geusan Ulun	jawa barat	Sumedang	Jl.Prabu Geusan Ulun No. 40	-6.860815689000000	107.921468500000003	Museum Khusus	Tipe C	Yayasan Pangeran Sumedang	D:\GIS_2022PTIKC_2522078_IKLASILAHI\img\85.jpg	25000.000000000000000	33.000000000000000
86	"86"	"86"	Museum Pusaka Keraton Kasepuhan	jawa barat	Kota Cirebon	Jalan Kasepuhan No. 43	-6.711919940000000	108.566516500000006	Museum Khusus	Tipe A	Keraton Kasepuhan	D:\GIS_2022PTIKC_2522078_IKLASILAHI\img\86.jpg	45000.000000000000000	44.000000000000000
87	"87"	"87"	Museum Rumah Sejarah Kalijati	jawa barat	Subang	"Komplek Garuda E25 Lanud Suryadarma, Jalan Kalijati Barat"	-6.523886884000000	107.661968999999999	Museum Khusus	Tipe	Dinas Pendidikan dan Kebudayaan Kabupaten Subang	D:\GIS_2022PTIKC_2522078_IKLASILAHI\img\87.jpg	1200.000000000000000	55.000000000000000
88	"88"	"88"	Museum Sejarah Sunda Prabu Siliwangi	jawa barat	Sukabumi	Jl. Merbabu Perum Gading Kencana Asri	-6.906530232000000	106.911858699999996	Museum Umum	Tipe C	"RH. Erwin Hendarwin, SE., MBA., MM., Ph.D"	D:\GIS_2022PTIKC_2522078_IKLASILAHI\img\88.jpg	3120.000000000000000	44.000000000000000
89	"89"	"89"	"Museum Situs Cagar Budaya Batujaya,"	jawa barat	Karawang	"Jalan Candi Jiwa, Dusun Sumurjaya, RT.11/RW.04"	-6.056526735000000	107.158319399999996	Museum Khusus	Tipe A	Dinas Kebudayaan dan Pariwisata Provinsi Jawa Barat	D:\GIS_2022PTIKC_2522078_IKLASILAHI\img\89.jpg	6000.000000000000000	55.000000000000000
90	"90"	"90"	Museum Talaga Manggung	jawa barat	Majalengka	Jl. Talaga Majalengka No. 1	-6.984981155000000	108.311513399999995	Museum Khusus	Tipe A	Yayasan Talaga Manggung	D:\GIS_2022PTIKC_2522078_IKLASILAHI\img\90.jpg	500.000000000000000	44.000000000000000
91	"91"	"91"	Museum Taman Purbakala	jawa barat	Kuningan	Jl. Museum Taman Purbakala	-6.962369998000000	108.470323300000004	Museum Khusus	Tipe A	Dinas Kebudayaan dan Pariwisata Kabupaten Kuningan	D:\GIS_2022PTIKC_2522078_IKLASILAHI\img\91.jpg	400.000000000000000	55.000000000000000
92	"92"	"92"	Museum Tanah dan Pertanian	jawa barat	Kota Bogor	"Jl. Ir. H. Juanda No. 98,"	-6.603490040000000	106.798726000000002	Museum Khusus	Tioe A	Kementerian Pertanian Republik Indonesia	D:\GIS_2022PTIKC_2522078_IKLASILAHI\img\92.jpg	13000.000000000000000	67.000000000000000
93	"93"	"93"	Museum Universitas Galuh	jawa barat	Ciamis	Jl. R. E. Martadinata No. 150	-7.313932736000000	108.356323099999997	Museum Umum	Tipe A	"Program Studi Sejarah, Fakultas Keguruan dan Ilmu Pendidikan"	D:\GIS_2022PTIKC_2522078_IKLASILAHI\img\93.jpg	12000.000000000000000	56.000000000000000
94	"94"	"94"	Museum Zoologi Bogor	jawa barat	Kota Bogor	Jl. Ir. H. Juanda No. 9	-6.602718156000000	106.800069500000006	Museum Khusus	Tipe A	Badan Riset dan Inovasi Nasional	D:\GIS_2022PTIKC_2522078_IKLASILAHI\img\94.jpg	300.000000000000000	4.000000000000000
95	"95"	"95"	Museum Kereta Api Ambarawa	jawa Tengah	Semarang	"Jl. Stasiun No.1, Panjang Kidul, Panjang"	-7.264469123000000	110.405586000000000	Museum Khusus	Tipe A	KAI Wisata	D:\GIS_2022PTIKC_2522078_IKLASILAHI\img\95.jpg	11000.000000000000000	45.000000000000000
96	"96"	"96"	Monumen Pers Nasional	jawa Tengah	Kota Surakarta	Jl. Gajahmada No.59	-7.564250705000000	110.815427299999996	Museum khusus	Tipe B	Kementerian Komunikasi dan Informatika Republik Indonesia	D:\GIS_2022PTIKC_2522078_IKLASILAHI\img\96.jpg	10000.000000000000000	45.000000000000000
97	"97"	"97"	Museum Rekor Dunia Indonesia	jawa Tengah	Kota Semarang	Jl. Perintis Kemerdekaan No.275	-6.959602028000000	110.726108400000001	Museum Khusus	Tipe A	MURI – Museum Rekor Dunia Indonesia	D:\GIS_2022PTIKC_2522078_IKLASILAHI\img\97.jpg	32000.000000000000000	21.000000000000000
98	"98"	"98"	Museum Bank Rakyat Indonesia	jawa Tengah	Banyumas	Jl. Jend. Sudirman No.57	-7.423747937000000	109.226033799999996	museum khusus	Tipe A	Sekretaris Perusahaan BRI	D:\GIS_2022PTIKC_2522078_IKLASILAHI\img\98.jpg	19000.000000000000000	22.000000000000000
99	"99"	"99"	Museum Batik Pekalongan	jawa Tengah	Pekalongan	Jl. Jetayu No.3	-6.877916984000000	109.678781099999995	Museum Khusus	Tipe B	Unit Pelaksana Teknis Daerah (UPTD) Museum Batik	D:\GIS_2022PTIKC_2522078_IKLASILAHI\img\99.jpg	22000.000000000000000	12.000000000000000
100	"100"	"100"	Museum BPK RI	jawa Tengah	Kota Magelang	Jl. Pangeran Diponegoro No.1	-7.473976891000000	110.217429100000004	Museum Khusus	Tipe A	Unit Pelaksana Teknis Museum BPK	D:\GIS_2022PTIKC_2522078_IKLASILAHI\img\100.jpg	50000.000000000000000	23.000000000000000
101	"101"	"101"	Museum Bumiputera 1912	jawa Tengah	Kota Magelang	Jl. Ahmad Yani Jl. Poncol No.21	-7.472357642000000	110.217890800000006	Museum Khusus	Tipe A	AJB Bumiputera 1912	D:\GIS_2022PTIKC_2522078_IKLASILAHI\img\101.jpg	3000.000000000000000	23.000000000000000
102	"102"	"102"	Museum OHD (Oei Hong Djien)	jawa Tengah	Kota Magelang	Jl. Jenggolo No.14	-7.481161130000000	110.219890500000005	Museum Khusus	Tipe A	Dr. Oei Hong Djien	D:\GIS_2022PTIKC_2522078_IKLASILAHI\img\102.jpg	12000.000000000000000	12.000000000000000
103	"103"	"103"	Museum Glagah Wangi	jawa Tengah	Demak	Jalan Sultan Fatah No. 53	-6.895909930000000	110.636763700000003	Museum Khusus	Tipe A	Unit Pelaksana Teknis Daerah	D:\GIS_2022PTIKC_2522078_IKLASILAHI\img\103.jpg	2000.000000000000000	10.000000000000000
104	"104"	"104"	"Museum, Guesthouse & Creative Space Nyah Lasem"	jawa Tengah	Rembang	"Gang Karangturi V No. 2, Desa Karangturi,"	-6.700849938000000	111.447798800000001	Museum Khusus	Tipe A	A. Soesantio dan dikelola oleh Yayasan Lasem Heritage	D:\GIS_2022PTIKC_2522078_IKLASILAHI\img\104.jpg	3000.000000000000000	23.000000000000000
105	"105"	"105"	Museum H. Widayat	jawa Tengah	Magelang	Jl. Soekarno Hatta No.32	-7.600051674000000	110.224291199999996	Museum Khusus	Tipe A	PT Haji Widayat	D:\GIS_2022PTIKC_2522078_IKLASILAHI\img\105.jpg	5120.000000000000000	54.000000000000000
106	"106"	"106"	Museum Isdiman	jawa Tengah	Semarang	"Jl. Panjang Lor, Panjang, Kec. Ambarawa, Kabupaten Semarang, Jawa Tengah 50614"	-7.259852450000000	110.402721799999995	Museum Khusus	Tipe A	Unit Pelaksana Teknis Daerah	D:\GIS_2022PTIKC_2522078_IKLASILAHI\img\106.jpg	3120.000000000000000	6.000000000000000
107	"107"	"107"	Museum Jamu Jago	jawa Tengah	Kota Semarang	Jl. Dr. Setiabudi No.179	-7.064121348000000	110.399972199999993	Museum Khusus	Tipe A	Jaya Suprana	D:\GIS_2022PTIKC_2522078_IKLASILAHI\img\107.jpg	6000.000000000000000	7.000000000000000
108	"108"	"108"	Museum Ranggawarsita	jawa Tengah	Kota Semarang	Jalan Abdulrahman Saleh No. 1	-6.985239058000000	110.385021199999997	Museum Umum	Tipe A	Pemerintah Provinsi Jawa Tengah	D:\GIS_2022PTIKC_2522078_IKLASILAHI\img\108.jpg	1200.000000000000000	15.000000000000000
109	"109"	"109"	Museum Kailasa	jawa Tengah	Banjarnegara	"Karangsari, Dieng Kulon, Kecamatan Batur, Kabupaten Banjarnegara"	-7.208266488000000	109.905821299999999	Museum Umum	Tipe A	Pemerintah Kabupaten Banjarnegara	D:\GIS_2022PTIKC_2522078_IKLASILAHI\img\109.jpg	400.000000000000000	25.000000000000000
110	"110"	"110"	Museum Kapal Samudra Raksa	jawa Tengah	Magelang	"Jl. Badrawati, Kw. Candi Borobudur"	-7.604505195000000	110.203908699999999	Museum Khusus	Tipe A	"PT Taman Wisata Candi Borobudur, Prambanan & Ratu Boko"	D:\GIS_2022PTIKC_2522078_IKLASILAHI\img\110.jpg	15000.000000000000000	56.000000000000000
111	"111"	"111"	Museum Karmawibangga Taman Wisata Candi Borobudur	jawa Tengah	Magelang	"Jl. Badrawati, Kw. Candi Borobudur"	-7.603949320000000	110.204334299999999	Museum Khusus	Tipe A	"PT Taman Wisata Candi Borobudur,"	D:\GIS_2022PTIKC_2522078_IKLASILAHI\img\111.jpg	14000.000000000000000	45.000000000000000
112	"112"	"112"	Museum Karst Indonesia	jawa Tengah	Wonogiri	"Desa Gebangharjo, Kecamatan Pracimantoro, Kabupaten Wonogiri, Jawa Tengah"	-8.041325389000002	110.781775199999998	Museum Khusus	Tipe A	Pemerintah Kabupaten Wonogiri	D:\GIS_2022PTIKC_2522078_IKLASILAHI\img\112.jpg	300.000000000000000	34.000000000000000
113	"113"	"113"	Museum Keris Nusantara	jawa Tengah	Kota Surakarta	Jalan Bhayangkara No. 2	-7.568393078000000	110.812395699999996	Museum Khusus	Tipe A	Dinas Kebudayaan Kota Surakarta	D:\GIS_2022PTIKC_2522078_IKLASILAHI\img\113.jpg	11000.000000000000000	33.000000000000000
114	"114"	"114"	Museum Kretek	jawa Tengah	Kudus	Jalan Getas Pejaten No. 155	-6.826568543000000	110.839124400000003	Museum Khusus	Tipe A	Dinas Kebudayaan dan Pariwisata Kabupaten Kudus	D:\GIS_2022PTIKC_2522078_IKLASILAHI\img\114.jpg	1000.000000000000000	55.000000000000000
115	"115"	"115"	Museum Mahameru Blora	jawa Tengah	Blora	"Jalan Reksodiputro, Kompleks Taman Tirtonadi"	-6.974100502000000	111.418141399999996	Museum Khusus	Tipe A	Yayasan Mahameru	D:\GIS_2022PTIKC_2522078_IKLASILAHI\img\115.jpg	40000.000000000000000	24.000000000000000
116	"116"	"116"	Museum Manusia Purba Klaster	jawa Tengah	Sragen	"Kecamatan Kalijambe, Kabupaten Sragen"	-7.441192030000000	110.838472199999998	Museum Khusus	Tipe A	Balai Pelestarian Situs Manusia Purba Sangiran	D:\GIS_2022PTIKC_2522078_IKLASILAHI\img\116.jpg	17000.000000000000000	45.000000000000000
117	"117"	"117"	Museum Masjid Agung Demak	jawa Tengah	Demak	Jalan Sultan Patah No. 57	-6.894326678000000	110.637113700000000	Museum Khusus	Tipe A	Dinas Kebudayaan dan Pariwisata Kabupaten Demak	D:\GIS_2022PTIKC_2522078_IKLASILAHI\img\117.jpg	17000.000000000000000	34.000000000000000
118	"118"	"118"	Museum Misi Muntilan	jawa Tengah	Magelang	Jl. Kartini No.3	-7.581503857000000	110.293577400000004	Museum Khusus	Tipe A	Keuskupan Agung Semarang	D:\GIS_2022PTIKC_2522078_IKLASILAHI\img\118.jpg	798.000000000000000	70.000000000000000
119	"119"	"119"	Museum Panglima Besar Jenderal Sudirman	jawa Tengah	Banyumas	"Jl. Patimura No.240A, RW.1, Dusun II"	-7.419594408000000	109.196787400000005	Museum Khusus	Tipe A	Pemerintah Kabupaten Banyumas	D:\GIS_2022PTIKC_2522078_IKLASILAHI\img\119.jpg	800.000000000000000	90.000000000000000
120	"120"	"120"	Museum Perjuangan Mandala Bhakti	jawa Tengah	Kota Semarang	Jalan Mgr Soegijapranata No.1	-6.984579160000000	110.409881900000002	Museum Khusus	Tipe A	"Kodam IV/Diponegoro,"	D:\GIS_2022PTIKC_2522078_IKLASILAHI\img\120.jpg	400.000000000000000	48.000000000000000
121	"121"	"121"	Museum Prof. Dr. R. Soegarda Poerbakawatja	jawa Tengah	Purbalingga	Jl. Purbalingga - Klampok No.142	-7.388282160000000	109.362168699999998	Museum Khusus	Tipe A	Dinas Pendidikan dan Kebudayaan Kabupaten Purbalingga	D:\GIS_2022PTIKC_2522078_IKLASILAHI\img\121.jpg	7500.000000000000000	50.000000000000000
122	"122"	"122"	Museum R. Hamong Wardoyo	jawa Tengah	Boyolali	"Jl. Pandanaran No.19,"	-7.538765087000000	110.617355099999997	Museum Umum	Tipe A	Pemerintah Kabupaten Boyolali	D:\GIS_2022PTIKC_2522078_IKLASILAHI\img\122.jpg	3000.000000000000000	25.000000000000000
123	"123"	"123"	Museum RA Kartini Jepara	jawa Tengah	Jepara	"Jl. Kartini, Panggang I"	-6.588663282000000	110.668288300000000	Museum Umum	Tipe C	Dinas Pariwisata dan Kebudayaan Kabupaten Jepara	D:\GIS_2022PTIKC_2522078_IKLASILAHI\img\123.jpg	12000.000000000000000	5.000000000000000
124	"124"	"124"	Museum R.A. Kartini Rembang	jawa Tengah	Rembang	Jl. Gatot Subroto No.8	-6.707088439000000	111.351325500000002	Museum Khusus	Tipe C	Dinas Kebudayaan dan Pariwisata Kabupaten Rembang	D:\GIS_2022PTIKC_2522078_IKLASILAHI\img\124.jpg	1200.000000000000000	7.000000000000000
125	"125"	"125"	Museum Radya Pustaka	jawa Tengah	Kota Surakarta	Jl. Slamet Riyadi No.275	-7.568313368000000	110.815301599999998	Museum Umum	Tipe C	Yayasan Paheman Radya Pustaka Surakarta	D:\GIS_2022PTIKC_2522078_IKLASILAHI\img\125.jpg	3000.000000000000000	76.000000000000000
126	"126"	"126"	Museum Situs Purbakala Patiayam	jawa Tengah	Kudus	"Desa Terban, Kecamatan Jekulo, Kabupaten Kudus, Jawa Tengah"	-6.793725898000000	110.938930200000001	Museum Khusus	Tipe C	Dinas Kebudayaan dan Pariwisata Kabupaten Kudus	D:\GIS_2022PTIKC_2522078_IKLASILAHI\img\126.jpg	5120.000000000000000	34.000000000000000
127	"127"	"127"	Museum Soesilo Soedarman	jawa Tengah	Cilacap	"Desa Gentasari, Kecamatan Kroya, Kabupaten Cilacap, Jawa Tengah"	-7.600291332000000	109.212483800000001	Museum Khusus	Tipe C	Yayasan Museum Soesilo Soedarman	D:\GIS_2022PTIKC_2522078_IKLASILAHI\img\127.jpg	3120.000000000000000	24.000000000000000
128	"128"	"128"	Museum Taruna Abdul Djalil	jawa Tengah	Kota Magelang	Jl. Jend. Gatot Soebroto No.1	-7.500175774000000	110.210040199999995	Museum Khusus	Tipe C	Akademi Militer (Akmil)	D:\GIS_2022PTIKC_2522078_IKLASILAHI\img\128.jpg	6000.000000000000000	34.000000000000000
129	"129"	"129"	Museum Tosan Aji	jawa Tengah	Purwerojo	Jl. Mayjen Sutoyo No.10	-7.710890683000000	110.010368200000002	Museum Khusus	Tipe C	Pemerintah Kabupaten Purworejo	D:\GIS_2022PTIKC_2522078_IKLASILAHI\img\129.jpg	500.000000000000000	56.000000000000000
130	"130"	"130"	Museum Uang Purbalingga	jawa Tengah	Purbalingga	"Jalan Raya Kutasari-Tobo, Dusun II"	-7.355707380000000	109.331270000000004	Museum Khusus	Tipe C	Pemerintah Daerah Kabupaten Purbalingga dan dikelola oleh Dinas Pariwisata dan Kebudayaan Kabupaten Purbalingga	D:\GIS_2022PTIKC_2522078_IKLASILAHI\img\130.jpg	400.000000000000000	45.000000000000000
131	"131"	"131"	Museum Universitas Sebelas Maret (Museum UNS)	jawa Tengah	Surakarta	Gedung R.Ng. Ranggawarsita	-7.556828872000000	110.860110300000002	Museum Khusus	Tipe C	UNS melalui Pusat Unggulan Iptek (PUI) Javanologi	D:\GIS_2022PTIKC_2522078_IKLASILAHI\img\131.jpg	13000.000000000000000	34.000000000000000
132	"132"	"132"	Museum Usman Janatin	jawa Tengah	Purbalingga	"Jalan Letnan Kusni No. 77, Dusun 3"	-7.402437093000000	109.397129899999996	Museum Khusus	Tipe C	Keluarga Usman Janatin	D:\GIS_2022PTIKC_2522078_IKLASILAHI\img\132.jpg	12000.000000000000000	23.000000000000000
133	"133"	"133"	Museum Wayang dan Artefak Purbalingga	jawa Tengah	Purbalingga	"Jalan Raya Taman Reptil, Dusun II, Desa Kutasari"	-7.356238685000000	109.330423400000001	Museum Khusus	Tipe C	Unit Pelaksana Teknis (UPT) PD Owabong	D:\GIS_2022PTIKC_2522078_IKLASILAHI\img\133.jpg	300.000000000000000	67.000000000000000
134	"134"	"134"	Museum Wayang Banyumas	jawa Tengah	Banyumas	Jl. Budi Utomo No.1	-7.514612005000000	109.294831299999998	Museum Khusus	Tipe C	"Dinas Pemuda, Olahraga, Kebudayaan, dan Pariwisata"	D:\GIS_2022PTIKC_2522078_IKLASILAHI\img\134.jpg	11000.000000000000000	55.000000000000000
135	"135"	"135"	Tumurun Private Museum	jawa Tengah	Surakarta	"Jl. Kebangkitan Nasional No. 2/4,"	-7.570289548000000	110.816733400000004	Museum Khusus	Tipe C	PT Sri Rejeki Isman	D:\GIS_2022PTIKC_2522078_IKLASILAHI\img\135.jpg	10000.000000000000000	44.000000000000000
136	"136"	"136"	Monumen Yogya Kembali	D.I Yogyakarta	Siemen	"Jl. Ring Road Utara, Jongkang"	-7.748782455000000	110.372439200000002	Museum Khusus	Tipe B	TNI Angkatan Udara	D:\GIS_2022PTIKC_2522078_IKLASILAHI\img\136.jpg	4000.000000000000000	33.000000000000000
137	"137"	"137"	Museum Affandi	D.I Yogyakarta	Kabupaten Sleman	Jl. Laksda Adisucipto No.167	-7.782027879000000	110.398201900000004	Museum Khusus	Tipe B	Yayasan Affandi	D:\GIS_2022PTIKC_2522078_IKLASILAHI\img\137.jpg	20000.000000000000000	44.000000000000000
138	"138"	"138"	Museum Bahari Yogyakarta	D.I Yogyakarta	Kabupaten Bantul	Jl. R. E. Martadinata No.69	-7.800949260000000	110.348957499999997	Museum Khusus	Belom Memenuhi Standar	Paguyuban Tri Sekar Lestari bekerja sama dengan Pangkalan TNI AL	D:\GIS_2022PTIKC_2522078_IKLASILAHI\img\138.jpg	16000.000000000000000	55.000000000000000
139	"139"	"139"	Museum Benteng Vredeburg	D.I Yogyakarta	Kota Yogyakarta	Jl. Margo Mulyo No.6	-7.799970706000000	110.367564999999999	Museum Khusus	Tipe A	Museum Benteng Vredeburg Yogyakarta dikelola oleh Indonesian Heritage Agency	D:\GIS_2022PTIKC_2522078_IKLASILAHI\img\139.jpg	32000.000000000000000	44.000000000000000
140	"140"	"140"	Museum Biologi Fakultas Biologi Universitas Gadjah Mada	D.I Yogyakarta	Kota Yogyakarta	Jl. Sultan Agung No.22	-7.801533777000000	110.374683099999999	Museum Khusus	Tipe A	Fakultas Biologi UGM	D:\GIS_2022PTIKC_2522078_IKLASILAHI\img\140.jpg	800.000000000000000	55.000000000000000
141	"141"	"141"	Museum Dewantara Kirti Griya	D.I Yogyakarta	Kota Yogyakarta	Jl. Taman Siswa No. 31	-7.805217633000000	110.379174399999997	Museum Khusus	Tipe A	"Majelis Luhur Persatuan Tamansiswa, dengan staf bidang pendidikan dan kebudayaan"	D:\GIS_2022PTIKC_2522078_IKLASILAHI\img\141.jpg	400.000000000000000	44.000000000000000
142	"142"	"142"	Museum Geoteknologi Mineral	D.I Yogyakarta	Kabupaten Sleman	Jl. Babarsari No. 2	-7.781465831000000	110.415135399999997	Museum Khusus	Tipe A	"Fakultas Teknologi Mineral dan Energi UPN ""Veteran"" Yogyakarta"	D:\GIS_2022PTIKC_2522078_IKLASILAHI\img\142.jpg	12000.000000000000000	55.000000000000000
143	"143"	"143"	Museum Gumuk Pasir	D.I Yogyakarta	Kabupaten Bantul	"Depok, Parangtritis, Kec. Kretek, Kabupaten Bantul, Daerah Istimewa Yogyakarta 55772"	-8.009043329000002	110.302585500000006	Museum Khusus	Tipe A	"Badan Informasi Geospasial (BIG), Fakultas Geografi Universitas Gadjah Mada (UGM), dan Pemerintah Daerah Istimewa Yogyakarta."	D:\GIS_2022PTIKC_2522078_IKLASILAHI\img\143.jpg	25000.000000000000000	67.000000000000000
144	"144"	"144"	Museum Gunungapi Merapi	D.I Yogyakarta	Kabupaten Sleman	Jl. Kaliurang No.Km. 22	-7.615748093000000	110.424638700000003	Museum Khusus	Tipe A	"UPTD Museum Gunungapi Merapi, di bawah Pemerintah Kabupaten Sleman dan Badan Geologi"	D:\GIS_2022PTIKC_2522078_IKLASILAHI\img\144.jpg	45000.000000000000000	56.000000000000000
145	"145"	"145"	Museum Kayu Wanagama	D.I Yogyakarta	Kabupaten Gunungkidul	"Hutan Wisata Wanagama, Desa Bunder, Playen, Gunungkidul, Yogyakarta"	-7.893238313000000	110.547475899999995	Museum Khusus	Tipe A	Fakultas Kehutanan Universitas Gadjah Mada	D:\GIS_2022PTIKC_2522078_IKLASILAHI\img\145.jpg	1200.000000000000000	4.000000000000000
146	"146"	"146"	Museum Kereta Kraton Yogyakarta	D.I Yogyakarta	Kota Yogyakarta	"Jl. Rotowijayan, Kadipaten"	-7.805286300000000	110.362289500000003	Museum Khusus	Tipe A	Kesultanan Ngayogyakarta Hadiningrat	D:\GIS_2022PTIKC_2522078_IKLASILAHI\img\146.jpg	3120.000000000000000	45.000000000000000
147	"147"	"147"	Museum Memorial Jenderal Besar HM Soeharto	D.I Yogyakarta	Kabupaten Bantul	"Jl. Kemusuk Lor Jl. Nulis-Puluhan,"	-7.791062577000000	110.280732200000003	Museum Khusus	Tipe A	"Keluarga Besar Soeharto, melalui H. Probosutedjo"	D:\GIS_2022PTIKC_2522078_IKLASILAHI\img\147.jpg	6000.000000000000000	45.000000000000000
148	"148"	"148"	Museum Pergerakan Wanita Indonesia Mandala Bhakti Wanitatama	D.I Yogyakarta	Kabupaten Sleman	Jl. Laksda Adisucipto No.88	-7.783745313000000	110.392236900000000	Museum Khusus	Tipe A	Yayasan Hari Ibu	D:\GIS_2022PTIKC_2522078_IKLASILAHI\img\148.jpg	500.000000000000000	21.000000000000000
149	"149"	"149"	Museum Monumen Pangeran Diponegoro Sasana Wiratama	D.I Yogyakarta	Kota Yogyakarta	Jl. HOS Cokroaminoto TR-III No.430	-7.786935475000000	110.351736200000005	Museum Khusus	Tipe A	Yayasan Sasana Wiratama	D:\GIS_2022PTIKC_2522078_IKLASILAHI\img\149.jpg	400.000000000000000	22.000000000000000
150	"150"	"150"	Museum Pendidikan Indonesia	D.I Yogyakarta	Kabupaten Sleman	Jalan Colombo No+H152. 1	-7.774522576000000	110.387705800000006	Museum Khusus	Tipe A	Universitas Negeri Yogyakarta	D:\GIS_2022PTIKC_2522078_IKLASILAHI\img\150.jpg	13000.000000000000000	12.000000000000000
151	"151"	"151"	Museum Perjuangan Yogyakarta	D.I Yogyakarta	Kota Yogyakarta	Jl. Kolonel Sugiyono No.24	-7.816255426000000	110.372065500000005	Museum Khusus	Tipe A	Dinas Kebudayaan Daerah Istimewa Yogyakarta	D:\GIS_2022PTIKC_2522078_IKLASILAHI\img\151.jpg	12000.000000000000000	23.000000000000000
152	"152"	"152"	Museum Pusat TNI AD Dharma Wiratama	D.I Yogyakarta	Kota Yogyakarta	Jl. Jend. Sudirman No.75	-7.782711392000000	110.375968200000003	Museum Khusus	Tipe A	Tentara Nasional Indonesia Angkatan Darat	D:\GIS_2022PTIKC_2522078_IKLASILAHI\img\152.jpg	300.000000000000000	23.000000000000000
153	"153"	"153"	Museum Dr. Yap Prawirohusodo	D.I Yogyakarta	Kota Yogyakarta	Jl. Cik Di Tiro No.5	-7.779939651000000	110.374739700000006	Museum Khusus	Tipe A	Dinas Kebudayaan Kota Yogyakarta	D:\GIS_2022PTIKC_2522078_IKLASILAHI\img\153.jpg	11000.000000000000000	12.000000000000000
154	"154"	"154"	Museum Sandi	D.I Yogyakarta	Kota Yogyakarta	Jl. Faridan M Noto No.21	-7.783917102000000	110.374072999999996	Museum Khusus	Tipe A	Badan Siber dan Sandi Negara (BSSN)	D:\GIS_2022PTIKC_2522078_IKLASILAHI\img\154.jpg	10000.000000000000000	10.000000000000000
155	"155"	"155"	Museum Sasmitaloka Panglima Besar Jenderal Sudirman	D.I Yogyakarta	Kota Yogyakarta	Jl. Bintaran Wetan No.3	-7.802129072000000	110.376030400000005	Museum Khusus	Tipe A	Tentara Nasional Indonesia Angkatan Darat (TNI AD)	D:\GIS_2022PTIKC_2522078_IKLASILAHI\img\155.jpg	32000.000000000000000	23.000000000000000
156	"156"	"156"	Museum Sejarah Purbakala Pleret	D.I Yogyakarta	Kabupaten Bantul	"Jl. Pleret, Kedaton, Pleret"	-7.868368803000000	110.405593900000000	Museum Khusus	Tipe C	Dinas Kebudayaan Provinsi Daerah Istimewa Yogyakarta	D:\GIS_2022PTIKC_2522078_IKLASILAHI\img\156.jpg	19000.000000000000000	54.000000000000000
157	"157"	"157"	Museum Sonobudoyo Unit I	D.I Yogyakarta	Kota Yogyakarta	Jl. Pangurakan No.6	-7.801746765000000	110.366357600000001	Museum Khusus	Tipe c	Unit Pelaksana Teknis Daerah (UPTD) Dinas Kebudayaan Daerah Istimewa Yogyakarta	D:\GIS_2022PTIKC_2522078_IKLASILAHI\img\157.jpg	22000.000000000000000	6.000000000000000
158	"158"	"158"	Museum Sonobudoyo Unit II	D.I Yogyakarta	Kota Yogyakarta	Jl. Wijilan No.27D	-7.804229552000000	110.366864399999997	Museum Umum	Tipe A	Dinas Kebudayaan Daerah Istimewa Yogyakarta	D:\GIS_2022PTIKC_2522078_IKLASILAHI\img\158.jpg	50000.000000000000000	7.000000000000000
159	"159"	"159"	Museum Tani Jawa Indonesia	D.I Yogyakarta	Kabupaten Bantul	"Kampung Tani Candran, Desa Kebonagung, Imogiri, Bantul, Yogyakarta."	-7.924368128000000	110.371972000000000	Museum Khusus	Tipe C	Yayasan Museum Tani Jawa Indonesia	D:\GIS_2022PTIKC_2522078_IKLASILAHI\img\159.jpg	3000.000000000000000	15.000000000000000
160	"160"	"160"	Museum Tembi Rumah Budaya	D.I Yogyakarta	Kabupaten Bantul	Jl. Parangtritis No.Km 8.4	-7.869944403000000	110.357031699999993	Museum Khusus	Tipe C	dikelola secara mandiri	D:\GIS_2022PTIKC_2522078_IKLASILAHI\img\160.jpg	12000.000000000000000	25.000000000000000
161	"161"	"161"	Museum Pusat TNI AU Dirgantara Mandala	D.I Yogyakarta	Kabupaten Sleman	"Jl. Raya Janti, Karang Janbe"	-7.790202533000000	110.415886999999998	Museum Khusus	Tipe A	Tentara Nasional Indonesia Angkatan Udara	D:\GIS_2022PTIKC_2522078_IKLASILAHI\img\161.jpg	2000.000000000000000	56.000000000000000
162	"162"	"162"	Museum Ullen Sentalu	D.I Yogyakarta	Kabupaten Sleman	Jl. Boyong No.KM 25	-7.597227521000000	110.421464700000001	Museum Khusus	Tipe A	Lembaga pemerintah pusat	D:\GIS_2022PTIKC_2522078_IKLASILAHI\img\162.jpg	3000.000000000000000	45.000000000000000
163	"163"	"163"	Museum Universitas Gadjah Mada	D.I Yogyakarta	Kabupaten Sleman	Jl. Sagan 6 & D-7	-7.773893339000000	110.378181400000003	Museum Umum	Tipe B	Universitas Gadjah Mada	D:\GIS_2022PTIKC_2522078_IKLASILAHI\img\163.jpg	5120.000000000000000	34.000000000000000
164	"164"	"164"	Museum Wayang Kekayon	D.I Yogyakarta	Kabupaten Bantul	Jalan Raya Yogya-Wonosari Km 7 No. 277	-7.814476971000000	110.413521700000004	Museum Khusus	Tipe B	Yayasan Sosial Kekayon	D:\GIS_2022PTIKC_2522078_IKLASILAHI\img\164.jpg	3120.000000000000000	33.000000000000000
165	"165"	"165"	Museum Geopark Gunungsewu	Jawa Timur	Kabupaten Pacitan	awasan Wisata Pantai Pancerdoor	-8.216884455000002	111.102126999999996	Museum Khusus	Tipe B	Pemerintah Kabupaten Pacitan	D:\GIS_2022PTIKC_2522078_IKLASILAHI\img\165.jpg	6000.000000000000000	55.000000000000000
166	"166"	"166"	ndonesian Islamic Art Museum	Jawa Timur	Kabupaten Lamongan	"Jl. Raya Paciran, Paciran"	-6.866678507000000	112.361851500000000	Museum Khusus	Tipe A	Dinas Pariwisata dan Kebudayaan Kabupaten Lamongan.	D:\GIS_2022PTIKC_2522078_IKLASILAHI\img\166.jpg	1200.000000000000000	24.000000000000000
167	"167"	"167"	Museum Dr. Soetomo	Jawa Timur	Kota Surabaya	Jl. Bubutan No.85-87	-7.250222662000000	112.737771400000000	Museum Khusus	Tipe B	"Pemerintah Kota Surabaya melalui Dinas Kebudayaan, Kepemudaan, dan Olahraga Kota Surabaya"	D:\GIS_2022PTIKC_2522078_IKLASILAHI\img\167.jpg	400.000000000000000	45.000000000000000
168	"168"	"168"	Monumen Kapal Selam (Monkasel)	Jawa Timur	Kota Surabaya	Jl. Pemuda No.39	-7.264962121000000	112.751549699999998	Museum Khusus	Tipe A	"Pusat Koperasi Angkatan Laut (Puskopal), yang berkoordinasi dengan Tentara Nasional Indonesia Angkatan Laut"	D:\GIS_2022PTIKC_2522078_IKLASILAHI\img\168.jpg	15000.000000000000000	34.000000000000000
169	"169"	"169"	Museum Airlangga	Jawa Timur	Kota Kediri	"Jl. Lingkar Maskumambang, Pojok"	-7.807354740000000	111.974290499999995	Museum Khusus	Tipe B	"Pemerintah Kota Kediri melalui Dinas Kebudayaan, Pariwisata, Pemuda, dan Olahraga (Disbudparpora) Kota Kediri."	D:\GIS_2022PTIKC_2522078_IKLASILAHI\img\169.jpg	14000.000000000000000	70.000000000000000
170	"170"	"170"	Museum Angkut	Jawa Timur	Kota Batu	Jl. Terusan Sultan Agung No.2	-7.878061825000000	112.522571299999996	Museum Khusus	Tipe A	Jawa Timur Park Group	D:\GIS_2022PTIKC_2522078_IKLASILAHI\img\170.jpg	300.000000000000000	90.000000000000000
171	"171"	"171"	Museum Anjuk Ladang	Jawa Timur	Kabupaten Nganjuk	Jalan Gatot Subroto Ringin Anom Ringin Anom Kauman	-7.593029162000000	111.894627799999995	Museum Umum	Tipe C	"Dinas Pariwisata, Kepemudaan, Olahraga, dan Kebudayaan (Disparporabud) Kabupaten Nganjuk"	D:\GIS_2022PTIKC_2522078_IKLASILAHI\img\171.jpg	11000.000000000000000	48.000000000000000
172	"172"	"172"	Museum Blambangan	Jawa Timur	Kabupaten Banyuwangi	Jl. Jenderal Ahmad Yani No.78	-8.220616740000002	114.368731600000004	Museum Umum	Tipe B	Dinas Kebudayaan dan Pariwisata Kabupaten Banyuwangi	D:\GIS_2022PTIKC_2522078_IKLASILAHI\img\172.jpg	1000.000000000000000	50.000000000000000
173	"173"	"173"	Museum Boemi Poeger	Jawa Timur	Kabupaten Jember	"RT. 05 RW.06, Dusun Krajan, Desa Kencong,"	-8.270248795000002	113.369244899999998	Museum Umum	Tipe C	Yayasan Boemi Poeger Persada	D:\GIS_2022PTIKC_2522078_IKLASILAHI\img\173.jpg	40000.000000000000000	25.000000000000000
174	"174"	"174"	Museum Brawijaya	Jawa Timur	Kota malang	Jl. Besar Ijen No.25A	-7.971930614000000	112.621606000000000	Museum Umum	Tipe B	Kodam V/Brawijaya	D:\GIS_2022PTIKC_2522078_IKLASILAHI\img\174.jpg	17000.000000000000000	5.000000000000000
175	"175"	"175"	Museum Cakraningrat	Jawa Timur	Kabupaten Bangkatan	Jl. Soekarno Hatta No.35	-7.048382729000000	112.735956200000004	Museum Umum	Tipe C	Pemerintah Kabupaten Bangkalan melalui Dinas Kebudayaan dan Pariwisata Kabupaten Bangkalan	D:\GIS_2022PTIKC_2522078_IKLASILAHI\img\175.jpg	17000.000000000000000	7.000000000000000
176	"176"	"176"	Museum D'Topeng Kingdom 1	Jawa Timur	Kota Batu	"Jl. Kartika No.2, Sisir, Kec. Batu"	-7.715209438000000	112.656741699999998	Museum Umum	Tipe C	Jawa Timur Park Group	D:\GIS_2022PTIKC_2522078_IKLASILAHI\img\176.jpg	798.000000000000000	76.000000000000000
177	"177"	"177"	Museum Sunan Giri	Jawa Timur	Kabupaten Gresik	Jl. Sunan Giri No.2a	-7.169958574000000	112.631193600000003	Museum Khusus	Tipe A	"Dinas Pariwisata, Kebudayaan, Pemuda, dan Olahraga (Disparekrafbudpora) Kabupaten Gresik"	D:\GIS_2022PTIKC_2522078_IKLASILAHI\img\177.jpg	800.000000000000000	34.000000000000000
178	"178"	"178"	Museum Daerah Kabupaten Lumajang	Jawa Timur	Kabupaten Lumajang	"Jl. Alun-Alun Barat No. 1, Lumajan"	-8.075192210000003	113.237160200000005	Museum Khusus	Tipe B	Pemerintah Kabupaten Lumajang	D:\GIS_2022PTIKC_2522078_IKLASILAHI\img\178.jpg	400.000000000000000	24.000000000000000
179	"179"	"179"	Museum Etnografi dan Pusat Kajian Kematian Universitas Airlangga	Jawa Timur	kota Surabaya	"Jl. Dharmawangsa Dalam, Airlangga, Kec. Gubeng, Surabaya, Jawa Timur 60286"	-7.272188389000000	112.760594400000002	Museum Umum	Tipe B	"Departemen Antropologi, Fakultas Ilmu Sosial dan Ilmu Politik"	D:\GIS_2022PTIKC_2522078_IKLASILAHI\img\179.jpg	7500.000000000000000	34.000000000000000
180	"180"	"180"	Museum Dirgantara A. Sulaksono	Jawa Timur	Kabupaten Malang	"Krajan, Saptorenggo, Kecamatan Pakis"	-7.929226693000000	112.704045100000002	Museum Khusus	Tipe B	Tentara Nasional Indonesia Angkatan Udara	D:\GIS_2022PTIKC_2522078_IKLASILAHI\img\180.jpg	3000.000000000000000	56.000000000000000
181	"181"	"181"	Museum dr. Mohammad Saleh	Jawa Timur	Kota Probolingo	Jl.DR Jl. Dr. Moch Saleh No.1	-7.752195223000000	113.214236700000001	Museum Pribadi	Tipe C	Dinas Kebudayaan dan Pariwisata Kota	D:\GIS_2022PTIKC_2522078_IKLASILAHI\img\181.jpg	12000.000000000000000	45.000000000000000
182	"182"	"182"	Museum Dr. Soetomo	Jawa Timur	Kota Surabaya	Jl. Bubutan No.85-87	-7.250576049000000	112.736586299999999	Museum Khusus	Tipe C	UPTD Museum dan Gedung Seni Budaya	D:\GIS_2022PTIKC_2522078_IKLASILAHI\img\182.jpg	1200.000000000000000	34.000000000000000
183	"183"	"183"	Museum Gubug Wayang Mojokerto	Jawa Timur	Kota Mojokerto	Jl. Kartini No.23	-7.465455721000000	112.431247600000006	Museum Khusus	Tipe B	Sendjojo Njoto Seni Budoyo	D:\GIS_2022PTIKC_2522078_IKLASILAHI\img\183.jpg	3000.000000000000000	23.000000000000000
184	"184"	"184"	Gedung Teater dan Museum Gunung Kelud	Jawa Timur	Kabupaten Kediri	"Rejomulyo, Sugihwaras, Kecamatan Ngancar, Kabupaten Kediri, Jawa Timur 64291, Indonesia ."	-7.926609345000000	112.236483699999994	Museum Khusus	Tipe C	Pemerintah Kabupaten Kediri	D:\GIS_2022PTIKC_2522078_IKLASILAHI\img\184.jpg	5120.000000000000000	67.000000000000000
185	"185"	"185"	Museum Huruf Jember	Jawa Timur	Kabupaten Jember	Jl. Bengawan Solo No.27	-8.167785812000000	113.709879799999996	Museum Khusus	Tipe C	Institut Museum dan Cagar Budaya Nusantara	D:\GIS_2022PTIKC_2522078_IKLASILAHI\img\185.jpg	3120.000000000000000	55.000000000000000
186	"186"	"186"	Museum Kambang Putih	Jawa Timur	Kabupaten Tuban	"JL. Kartini No.03, Kutorejo, Kec. Tuban, Kabupaten Tuban, Jawa Timur 62311"	-6.895847766000000	112.063888300000002	Museum Umum	Tipe B	"Dinas Kebudayaan, Pariwisata, Pemuda, dan Olahraga (Disparbudpora) Kabupaten Tuban"	D:\GIS_2022PTIKC_2522078_IKLASILAHI\img\186.jpg	6000.000000000000000	44.000000000000000
187	"187"	"187"	Museum Kanker Indonesia	Jawa Timur	Kota Surabaya	Jl. Kayoon No.16-18	-7.267205084000000	112.749350300000003	Museum Khusus	Belom Memenuhi Standar	Yayasan Kanker Wisnuwardhana	D:\GIS_2022PTIKC_2522078_IKLASILAHI\img\187.jpg	500.000000000000000	33.000000000000000
188	"188"	"188"	Museum Keraton Sumenep	Jawa Timur	Kota Sumenap	Jl. Dr. Sutomo No.6	-7.007957863000000	113.863466700000004	Museum Umum	Tipe C	"Dinas Kebudayaan, Kepemudaan, Olahraga, dan Pariwisata Kabupaten Sumenep melalui Unit Pelaksana Teknis"	D:\GIS_2022PTIKC_2522078_IKLASILAHI\img\188.jpg	400.000000000000000	44.000000000000000
189	"189"	"189"	Museum Kereta Api Bondowoso	Jawa Timur	Bondowoso	Jl. Imam Bonjol No. 13	-7.916806047000000	113.829907899999995	Museum Khusus	Belom Memenuhi Standar	PT Kereta Api Indonesia	D:\GIS_2022PTIKC_2522078_IKLASILAHI\img\189.jpg	13000.000000000000000	55.000000000000000
190	"190"	"190"	"Museum Kesehatan Dr. Adhyatma, MPH"	Jawa Timur	Kota Surabaya	Jl. Indrapura No.17	-7.240168343000000	112.731999599999995	Museum Khusus	Belom di standarisasi	Pusat Penelitian dan Pengembangan Sistem dan Kebijakan Kesehatan Kementerian Kesehatan Republik Indonesia	D:\GIS_2022PTIKC_2522078_IKLASILAHI\img\190.jpg	12000.000000000000000	44.000000000000000
191	"191"	"191"	Museum Tembakau Jember	Jawa Timur	Kabupaten Jember	Jl. Kalimantan No.1	-8.158731406999999	113.714854099999997	Museum Khusus	Belom di standarisasi	Unit Pelaksana Teknis (UPT) Pengujian Sertifikasi Mutu Barang dan Lembaga Tembakau Jember	D:\GIS_2022PTIKC_2522078_IKLASILAHI\img\191.jpg	300.000000000000000	55.000000000000000
192	"192"	"192"	Museum Musik Indonesia	Jawa Timur	Kota malang	Jl. Soekarno Hatta No.210	-7.940283269000000	112.619314599999996	Museum Khusus	Tipe B	Galeri Malang Bernyanyi	D:\GIS_2022PTIKC_2522078_IKLASILAHI\img\192.jpg	11000.000000000000000	44.000000000000000
193	"193"	"193"	Museum Nahdlatul Ulama	Jawa Timur	Kota Surabaya	Jl. Gayungsari Bar. X No.11	-7.337900878000000	112.724432199999995	Museum Khusus	Tipe B	Nahdlatul Ulama	D:\GIS_2022PTIKC_2522078_IKLASILAHI\img\193.jpg	10000.000000000000000	55.000000000000000
194	"194"	"194"	Museum Negeri Mpu Tantular	Jawa Timur	Kabupaten Sidoajo	Jl. Raya Buduran - Jembatan Layang	-7.433458858000000	112.720746399999996	Museum Umum	Tipe B	Dinas Kebudayaan dan Pariwisata Provinsi Jawa Timur	D:\GIS_2022PTIKC_2522078_IKLASILAHI\img\194.jpg	4000.000000000000000	67.000000000000000
195	"195"	"195"	Museum Indonesian Old Cinema	Jawa Timur	Kota malang	Jl. Soekarno Hatta No.45	-7.937080501000000	112.628084000000001	Museum Khusus	Tipe B	Drs. Hariadi	D:\GIS_2022PTIKC_2522078_IKLASILAHI\img\195.jpg	20000.000000000000000	56.000000000000000
196	"196"	"196"	Museum Panji	Jawa Timur	Kota malang	Jl. Raya Bangilan No.I	-8.002071043999999	112.732506700000002	Museum Khusus	Tipe B	ayasan Inggil Malang	D:\GIS_2022PTIKC_2522078_IKLASILAHI\img\196.jpg	16000.000000000000000	4.000000000000000
197	"197"	"197"	Museum Penataran	Jawa Timur	Kabupaten Blitar	Jl. Raya Penataran No.11	-8.012187658000000	112.209726399999994	Museum Khusus	Tipe A	"Dinas Pariwisata, Kebudayaan, Pemuda, dan Olahraga"	D:\GIS_2022PTIKC_2522078_IKLASILAHI\img\197.jpg	32000.000000000000000	45.000000000000000
198	"198"	"198"	Museum Pendidikan Kota Malang	Jawa Timur	Kota Malang	"Jl. Raya Tlogowaru, Tlogowaru"	-8.034247192000000	112.649880199999998	Museum Khusus	Tipe B	Dinas Pendidikan dan Kebudayaan	D:\GIS_2022PTIKC_2522078_IKLASILAHI\img\198.jpg	800.000000000000000	45.000000000000000
199	"199"	"199"	Museum Hidup Polrestabes Surabaya	Jawa Timur	Kota Surabaya	Jl. Sikatan No.1	-7.239104923000000	112.738036699999995	Museum Khusus	Tipe A	Polrestabes Surabaya	D:\GIS_2022PTIKC_2522078_IKLASILAHI\img\199.jpg	400.000000000000000	21.000000000000000
200	"200"	"200"	Museum Potehi Gudo	Jawa Timur	Jombang	"Jalan Raya Wangkal, Dusun Tukangan,"	-7.627507414000000	112.191680500000004	Museum Khusus	Tipe A	Yayasan Fu He An Indonesia	D:\GIS_2022PTIKC_2522078_IKLASILAHI\img\200.jpg	12000.000000000000000	22.000000000000000
201	"201"	"201"	Museum Singhasari	Jawa Timur	Kota malang	"Krajan, Klampok, Kec. Singosari, Kabupaten Malang, Jawa Timur 65153"	-7.881001687000000	112.641682299999999	Museum Khusus	Tipe C	Dinas Pariwisata dan Kebudayaan Kabupaten Malang	D:\GIS_2022PTIKC_2522078_IKLASILAHI\img\201.jpg	25000.000000000000000	12.000000000000000
202	"202"	"202"	Museum Teknoform	Jawa Timur	Kota surabaya	"Jl. Raya Kedung Baruk No.98, Kedung Baruk, Kec. Rungkut, Surabaya, Jawa Timur 60298"	-7.311225161000000	112.783182600000004	Museum Umum	Tipe C	Universitas Dinamika	D:\GIS_2022PTIKC_2522078_IKLASILAHI\img\202.jpg	45000.000000000000000	23.000000000000000
203	"203"	"203"	Museum Sri Serindit Natuna	Kepulauan Riau	Kabupaten Natuna	JL. IMAM H. ISMAIL	3.949161970000000	108.367924599999995	Museum Umum	Tipe C	Zaharuddin	D:\GIS_2022PTIKC_2522078_IKLASILAHI\img\203.jpg	1200.000000000000000	23.000000000000000
204	"204"	"204"	Museum Islam Samudra Pasai Kabupaten Aceh Utara	Aceh	Kabupaten Aceh Utara	Gampong Beuringen Kecamatan Samudera	5.132788383000000	97.202055790000003	Museum Umum	Tipe C	Dinas Pendidikan Dan Kebudayaan Kabupaten Aceh Utara	D:\GIS_2022PTIKC_2522078_IKLASILAHI\img\204.jpg	3120.000000000000000	12.000000000000000
205	"205"	"205"	Museum Kota Langsa	Aceh	Kota Sabang	Jl. Ahmad Yani	4.471378134000000	97.966929219999997	Museum Umum	Tipe B	Dinas Pendidikan Dan Kebudayaan Kabupaten Aceh Utara	D:\GIS_2022PTIKC_2522078_IKLASILAHI\img\205.jpg	6000.000000000000000	10.000000000000000
206	"206"	"206"	Museum Sabang	Aceh	Kota Sabang	Jl. O. Surapati	5.899461744000000	95.316183499999994	Museum Umum	Tipe C	Badan Pengusahaan Kawasan Perdagangan Bebas Dan Pelabuhan Bebas (BPKS)	D:\GIS_2022PTIKC_2522078_IKLASILAHI\img\206.jpg	500.000000000000000	23.000000000000000
207	"207"	"207"	Museum Aceh	Aceh	Kota Banda Aceh	Jl. Sultan Alaiddin Mahmudsyah No.12	5.548723392000000	95.320938080000005	Museum Umum	Tipe A	Dinas Kebudayaan Dan Pariwisata Aceh	D:\GIS_2022PTIKC_2522078_IKLASILAHI\img\207.jpg	400.000000000000000	54.000000000000000
208	"208"	"208"	Museum Tsunami	Aceh	Kota Banda Aceh	Jl Sultan Iskandar Muda No.3 Blang Padang	5.547990543000000	95.315206189999998	Museum Khusus	Tipe B	Dinas Kebudayaan Dan Pariwisata Aceh	D:\GIS_2022PTIKC_2522078_IKLASILAHI\img\208.jpg	13000.000000000000000	6.000000000000000
209	"209"	"209"	Museum Negeri Gayo	Aceh	Kabupaten Aceh Tengah	Jl. Mess Time Ruang	4.702341401000000	96.835847200000003	Museum Umum	Tipe C	Dinas Pendidikan Dan Kebudayaan Kabupaten Aceh Tengah	D:\GIS_2022PTIKC_2522078_IKLASILAHI\img\209.jpg	12000.000000000000000	7.000000000000000
210	"210"	"210"	Museum Pidie Jaya	Aceh	Kabupaten Pidie Jaya	Taman Kota Komplek Perkantoran Bupati	5.229961204000000	96.242618239999999	Museum Umum	Belum Distandarisasi	DINAS PENDIDIKAN DAN KEBUDAYAAN	D:\GIS_2022PTIKC_2522078_IKLASILAHI\img\210.jpg	300.000000000000000	15.000000000000000
211	"211"	"211"	Museum Kota Juang Bireuen	Aceh	Kabupaten Bireuen	Jln.Tgk. Pulo Kiton Lr.Hob Mubin No. 30	5.208105114000000	96.699412359999997	Museum Umum	Belum Distandarisasi	Yayasan Museum Kota Juang Bireuen	D:\GIS_2022PTIKC_2522078_IKLASILAHI\img\211.jpg	11000.000000000000000	25.000000000000000
212	"212"	"212"	Rahmat International Wildlife Museum & Gallery	Sumatera Utara	Kota Medan	Jl. S. Parman no. 309 Medan	3.579486598000000	98.667463780000006	Museum Khusus	Tipe C	Yayasan Rahmat Indonesia	D:\GIS_2022PTIKC_2522078_IKLASILAHI\img\212.jpg	10000.000000000000000	56.000000000000000
213	"213"	"213"	Museum Pahlawan Nasional Jamin Gintings	Sumatera Utara	Kabupaten Karo	Jl. Museum Suka	3.061094457000000	98.520561310000005	Museum Khusus	Tipe A	Keluarga Jamin Gintings	D:\GIS_2022PTIKC_2522078_IKLASILAHI\img\213.jpg	32000.000000000000000	45.000000000000000
214	"214"	"214"	Museum Perkebunan Indonesia	Sumatera Utara	Kota Medan	Jl. Brigjen Katamso No.53 (Komp.PPKS) Medan	3.558240871000000	98.688519499999998	Museum Khusus	Tipe B	Yayasan Museum Perkebunan Indonesia	D:\GIS_2022PTIKC_2522078_IKLASILAHI\img\214.jpg	19000.000000000000000	34.000000000000000
215	"215"	"215"	Museum Negeri Provinsi Sumatera Utara 	Sumatera Utara	Kota Medan	Jl. H. M. Joni No. 51	0.000000000000000	0.000000000000000				D:\GIS_2022PTIKC_2522078_IKLASILAHI\img\215.jpg	22000.000000000000000	33.000000000000000
216	"216"	"216"	Museum Kota Tebing Tinggi	Sumatera Utara	Kota Tebing Tinggi	Jl. Kotamadya	0.000000000000000	0.000000000000000				D:\GIS_2022PTIKC_2522078_IKLASILAHI\img\216.jpg	50000.000000000000000	55.000000000000000
217	"217"	"217"	Museum Daerah Kabupaten Langkat 	Sumatera Utara	Kabupaten Langkat	Jl. T. Amir Hamzah	3.892697190000000	98.425661390000002	Museum Umum	Tipe C	Dinas Pariwisata Dan Kebudayaan Kabupaten Langkat	D:\GIS_2022PTIKC_2522078_IKLASILAHI\img\217.jpg	3000.000000000000000	24.000000000000000
218	"218"	"218"	Museum Pusaka Karo	Sumatera Utara	Kabupaten Karo	Jl. Perwira No 1 Kota Berastagi	3.194835519000000	98.508288649999997	Museum Umum	Tipe C	Yayasan Pusaka Karo	D:\GIS_2022PTIKC_2522078_IKLASILAHI\img\218.jpg	12000.000000000000000	45.000000000000000
219	"219"	"219"	Museum Batak TB Silalahi Center	Sumatera Utara	Kabupaten Toba Samosir	Jl. Dr. TB Silalahi No.88	2.333418899000000	99.048432890000001	Museum Umum	Tipe B	Yayasan T.B. Silalahi	D:\GIS_2022PTIKC_2522078_IKLASILAHI\img\219.jpg	2000.000000000000000	34.000000000000000
220	"220"	"220"	Raz Collection Museum and Gallery	Sumatera Utara	Kota Medan	Gedung Raz Plaza	0.000000000000000	0.000000000000000				D:\GIS_2022PTIKC_2522078_IKLASILAHI\img\220.jpg	3000.000000000000000	70.000000000000000
221	"221"	"221"	Museum Huta Bolon Simanindo 	Sumatera Utara	Kabupaten Samosir	Jl. Pelabuhan Simanindo	2.752527228000000	98.744140150000007	Museum Umum	Belum Memenuhi Standar	Yayasan Huta Bolon Simanindo	D:\GIS_2022PTIKC_2522078_IKLASILAHI\img\221.jpg	5120.000000000000000	90.000000000000000
222	"222"	"222"	Museum Karo Lingga	Sumatera Utara	Kabupaten Karo	Jl. Tasak Telu	3.118194972000000	98.475186530000002	Museum Umum	Belum Memenuhi Standar	Yayasan Museum Karo Lingga	D:\GIS_2022PTIKC_2522078_IKLASILAHI\img\222.jpg	3120.000000000000000	48.000000000000000
223	"223"	"223"	Museum Perjuangan TNI Kodam I	Sumatera Utara	Kota Medan	Jl. Zainul Arifin No. 8	3.584038012000000	98.674218719999999	Museum Khusus	Belum Memenuhi Standar	Bintaldam I/BB	D:\GIS_2022PTIKC_2522078_IKLASILAHI\img\223.jpg	6000.000000000000000	50.000000000000000
224	"224"	"224"	Museum Daerah Deli Serdang	Sumatera Utara	Kabupaten Deli Serdang	Jalan Negara – Lubuk Pakam	0.000000000000000	0.000000000000000				D:\GIS_2022PTIKC_2522078_IKLASILAHI\img\224.jpg	1200.000000000000000	25.000000000000000
225	"225"	"225"	Museum Rumah Kelahiran Buya Hamka	Sumatera Barat	Kabupaten Agam	Jorong Tanah Sirah Nagari Sungai Batang Kecamatan Tanjung Raya	-0.352724254000000	100.218553400000005	Museum Khusus	Tipe C		D:\GIS_2022PTIKC_2522078_IKLASILAHI\img\225.jpg	400.000000000000000	5.000000000000000
226	"226"	"226"	Museum Tuanku Imam Bonjol	Sumatera Barat	Kabupaten Pasaman	Jl. Lintas Sumatera Bukittinggi – Medan km. 55 Bonjol Pasaman Sumatera Barat	0.001634150000000	100.221069700000001	Museum Umum	Tipe C	Dinas Pariwisata	D:\GIS_2022PTIKC_2522078_IKLASILAHI\img\226.jpg	15000.000000000000000	7.000000000000000
227	"227"	"227"	Museum Rumah Kelahiran Bung Hatta	Sumatera Barat	Kota Bukittingi	Jl. Soekarno Hatta No. 37	0.000000000000000	0.000000000000000				D:\GIS_2022PTIKC_2522078_IKLASILAHI\img\227.jpg	14000.000000000000000	76.000000000000000
228	"228"	"228"	Museum Situs Lubang Tambang Mbah Soero	Sumatera Barat	Kota Sawah Lunto	Jl. Kampung Teleng Kel. Pasar	0.000000000000000	0.000000000000000				D:\GIS_2022PTIKC_2522078_IKLASILAHI\img\228.jpg	300.000000000000000	34.000000000000000
229	"229"	"229"	Museum Kereta Api Kota Sawahlunto	Sumatera Barat	Kota Sawah Lunto	Jl. A. Yani	0.000000000000000	0.000000000000000				D:\GIS_2022PTIKC_2522078_IKLASILAHI\img\229.jpg	11000.000000000000000	24.000000000000000
230	"230"	"230"	Museum Istano Basa Pagaruyung	Sumatera Barat	Kabupaten Tanah Datar	Jl. Sutan Alam Bagagarsyah	0.000000000000000	0.000000000000000				D:\GIS_2022PTIKC_2522078_IKLASILAHI\img\230.jpg	1000.000000000000000	34.000000000000000
231	"231"	"231"	Museum Rumah Adat nan Baanjuang	Sumatera Barat	Kota Bukittingi	Jl. Cindua Mato No. 10	-0.300443540000000	100.369579599999994	Museum Umum	Tipe C	Dinas Pendidikan Dan Kebudayaan Kota Bukittinggi	D:\GIS_2022PTIKC_2522078_IKLASILAHI\img\231.jpg	40000.000000000000000	56.000000000000000
232	"232"	"232"	Museum Adityawarma	Sumatera Barat	Kota Padang	Jl. Diponegoro No. 10	-0.956527716000000	100.356213699999998	Museum Umum	Tipe B	Dinas Kebudayaan Provinsi Sumatera Barat	D:\GIS_2022PTIKC_2522078_IKLASILAHI\img\232.jpg	17000.000000000000000	45.000000000000000
233	"233"	"233"	Museum Goedang Ransoem	Sumatera Barat	Kota Sawah Lunto	Jl. Abdurrahman Hakim	0.000000000000000	0.000000000000000				D:\GIS_2022PTIKC_2522078_IKLASILAHI\img\233.jpg	17000.000000000000000	34.000000000000000
234	"234"	"234"	Museum Sang Nila Utama dan Taman Budaya	Riau	Kota Pekanbaru	Jl. Jenderal Sudirman No. 194	0.494335011000000	101.454486200000005	Museum Umum	Tipe C	Dinas Kebudayaan Provinsi Riau	D:\GIS_2022PTIKC_2522078_IKLASILAHI\img\234.jpg	798.000000000000000	23.000000000000000
235	"235"	"235"	Museum Budaya dan Sejarah Siak Balai Rung Sri	Riau	Kab. Siak	Jl. Sultan Ismail	0.000000000000000	0.000000000000000				D:\GIS_2022PTIKC_2522078_IKLASILAHI\img\235.jpg	800.000000000000000	67.000000000000000
236	"236"	"236"	Museum Tionghoa	Riau	Kabupaten Rokan Hilir	Bagan Punak Pesisir	2.655203830000000	100.903311500000001	Museum Khusus	Belum Memenuhi Kriteria Syarat	Dinas Pendidikan Dan Kebudayaan Kabupaten Rokan Hilir	D:\GIS_2022PTIKC_2522078_IKLASILAHI\img\236.jpg	400.000000000000000	55.000000000000000
237	"237"	"237"	Museum Perjuangan Rakyat Jambi	Jambi	Kota Jambi	Jl. Sultan Agung No.12	-1.596263000000000	103.606870999999998	Museum Khusus	Tipe B	Dinas Kebudayaan Dan Pariwisata Provinsi Jambi	D:\GIS_2022PTIKC_2522078_IKLASILAHI\img\237.jpg	7500.000000000000000	44.000000000000000
238	"238"	"238"	Museum Menara Gentala Arasy 	Jambi	Kota Jambi	Kel. Arab Melayu	0.000000000000000	0.000000000000000				D:\GIS_2022PTIKC_2522078_IKLASILAHI\img\238.jpg	3000.000000000000000	33.000000000000000
239	"239"	"239"	Museum Siginjei	Jambi	Kota Jambi	Jl. Urip Sumoharjo No. 01	-1.607664678000000	103.592802300000002	Museum Umum	Tipe A	Dinas Kebudayaan Dan Pariwisata Provinsi Jambi	D:\GIS_2022PTIKC_2522078_IKLASILAHI\img\239.jpg	12000.000000000000000	44.000000000000000
240	"240"	"240"	Museum Perjuangan Subkoss Garuda Sriwijaya	Sumatera Selatan	Kota Lubuklinggau	Jalan Garuda Hitam	0.000000000000000	0.000000000000000				D:\GIS_2022PTIKC_2522078_IKLASILAHI\img\240.jpg	1200.000000000000000	55.000000000000000
241	"241"	"241"	Monumen Perjuangan Rakyat Sumatera Bagian Selatan / Monpera	Sumatera Selatan	Kota Palembang	Jl. Merdeka No.1	-2.974160250000000	104.761392799999996	Museum Khusus	Belum Memenuhi Standar	UPTD Pengelolaan Sarana Dan Objek Wisata Dinas Pariwisata Kota Palembang	D:\GIS_2022PTIKC_2522078_IKLASILAHI\img\241.jpg	3000.000000000000000	44.000000000000000
242	"242"	"242"	Museum Dr. A.K. Gani	Sumatera Selatan	Kota Palembang	Jl. Mp. Mangkunegara No. 1	-2.929796119000000	104.769635600000001	Museum Khusus	Tipe C	Yayasan H.J.R.A Masturah A.K. Gani	D:\GIS_2022PTIKC_2522078_IKLASILAHI\img\242.jpg	5120.000000000000000	55.000000000000000
243	"243"	"243"	Museum Negeri Sumatera Selatan	Sumatera Selatan	Kota Palembang	Jl. Srijaya I	0.000000000000000	0.000000000000000				D:\GIS_2022PTIKC_2522078_IKLASILAHI\img\243.jpg	3120.000000000000000	44.000000000000000
244	"244"	"244"	Museum Sriwijaya	Sumatera Selatan	Kota Palembang	Jl. Syakhyakirti	-3.015032000000000	104.734418000000005	Museum Umum	Tipe B	Dinas Kebudayaan Dan Pariwisata Provinsi Sumatera Selatan	D:\GIS_2022PTIKC_2522078_IKLASILAHI\img\244.jpg	6000.000000000000000	55.000000000000000
245	"245"	"245"	Museum Sultan Mahmud Badaruddin II Palembang	Sumatera Selatan	Kota Palembang	Jl. Sultan Mahmud Badaruddin II No.2	-2.989887873000000	104.761422600000003	Museum Umum	Tipe A	Dinas Kebudayaan Kota Palembang	D:\GIS_2022PTIKC_2522078_IKLASILAHI\img\245.jpg	0.000000000000000	67.000000000000000
246							0.000000000000000	0.000000000000000					0.000000000000000	0.000000000000000
247							0.000000000000000	0.000000000000000					0.000000000000000	0.000000000000000
248							0.000000000000000	0.000000000000000					0.000000000000000	0.000000000000000
249							0.000000000000000	0.000000000000000					0.000000000000000	0.000000000000000
250							0.000000000000000	0.000000000000000					0.000000000000000	0.000000000000000
251							0.000000000000000	0.000000000000000					0.000000000000000	0.000000000000000
252							0.000000000000000	0.000000000000000					0.000000000000000	0.000000000000000
253							0.000000000000000	0.000000000000000					0.000000000000000	0.000000000000000
254							0.000000000000000	0.000000000000000					0.000000000000000	0.000000000000000
255							0.000000000000000	0.000000000000000					0.000000000000000	0.000000000000000
256							0.000000000000000	0.000000000000000					0.000000000000000	0.000000000000000
257							0.000000000000000	0.000000000000000					0.000000000000000	0.000000000000000
258							0.000000000000000	0.000000000000000					0.000000000000000	0.000000000000000
259							0.000000000000000	0.000000000000000					0.000000000000000	0.000000000000000
260							0.000000000000000	0.000000000000000					0.000000000000000	0.000000000000000
261							0.000000000000000	0.000000000000000					0.000000000000000	0.000000000000000
262							0.000000000000000	0.000000000000000					0.000000000000000	0.000000000000000
263							0.000000000000000	0.000000000000000					0.000000000000000	0.000000000000000
264							0.000000000000000	0.000000000000000					0.000000000000000	0.000000000000000
265							0.000000000000000	0.000000000000000					0.000000000000000	0.000000000000000
266							0.000000000000000	0.000000000000000					0.000000000000000	0.000000000000000
267							0.000000000000000	0.000000000000000					0.000000000000000	0.000000000000000
268							0.000000000000000	0.000000000000000					0.000000000000000	0.000000000000000
269							0.000000000000000	0.000000000000000					0.000000000000000	0.000000000000000
270							0.000000000000000	0.000000000000000					0.000000000000000	0.000000000000000
271							0.000000000000000	0.000000000000000					0.000000000000000	0.000000000000000
272							0.000000000000000	0.000000000000000					0.000000000000000	0.000000000000000
273							0.000000000000000	0.000000000000000					0.000000000000000	0.000000000000000
274							0.000000000000000	0.000000000000000					0.000000000000000	0.000000000000000
275							0.000000000000000	0.000000000000000					0.000000000000000	0.000000000000000
276							0.000000000000000	0.000000000000000					0.000000000000000	0.000000000000000
277							0.000000000000000	0.000000000000000					0.000000000000000	0.000000000000000
278							0.000000000000000	0.000000000000000					0.000000000000000	0.000000000000000
279							0.000000000000000	0.000000000000000					0.000000000000000	0.000000000000000
280							0.000000000000000	0.000000000000000					0.000000000000000	0.000000000000000
281							0.000000000000000	0.000000000000000					0.000000000000000	0.000000000000000
282							0.000000000000000	0.000000000000000					0.000000000000000	0.000000000000000
283							0.000000000000000	0.000000000000000					0.000000000000000	0.000000000000000
284							0.000000000000000	0.000000000000000					0.000000000000000	0.000000000000000
285							0.000000000000000	0.000000000000000					0.000000000000000	0.000000000000000
286							0.000000000000000	0.000000000000000					0.000000000000000	0.000000000000000
287							0.000000000000000	0.000000000000000					0.000000000000000	0.000000000000000
288							0.000000000000000	0.000000000000000					0.000000000000000	0.000000000000000
289							0.000000000000000	0.000000000000000					0.000000000000000	0.000000000000000
290							0.000000000000000	0.000000000000000					0.000000000000000	0.000000000000000
291							0.000000000000000	0.000000000000000					0.000000000000000	0.000000000000000
292							0.000000000000000	0.000000000000000					0.000000000000000	0.000000000000000
293							0.000000000000000	0.000000000000000					0.000000000000000	0.000000000000000
294							0.000000000000000	0.000000000000000					0.000000000000000	0.000000000000000
295							0.000000000000000	0.000000000000000					0.000000000000000	0.000000000000000
296							0.000000000000000	0.000000000000000					0.000000000000000	0.000000000000000
297							0.000000000000000	0.000000000000000					0.000000000000000	0.000000000000000
298							0.000000000000000	0.000000000000000					0.000000000000000	0.000000000000000
299							0.000000000000000	0.000000000000000					0.000000000000000	0.000000000000000
300							0.000000000000000	0.000000000000000					0.000000000000000	0.000000000000000
301							0.000000000000000	0.000000000000000					0.000000000000000	0.000000000000000
302							0.000000000000000	0.000000000000000					0.000000000000000	0.000000000000000
303							0.000000000000000	0.000000000000000					0.000000000000000	0.000000000000000
304							0.000000000000000	0.000000000000000					0.000000000000000	0.000000000000000
305							0.000000000000000	0.000000000000000					0.000000000000000	0.000000000000000
306							0.000000000000000	0.000000000000000					0.000000000000000	0.000000000000000
307							0.000000000000000	0.000000000000000					0.000000000000000	0.000000000000000
308							0.000000000000000	0.000000000000000					0.000000000000000	0.000000000000000
309							0.000000000000000	0.000000000000000					0.000000000000000	0.000000000000000
310							0.000000000000000	0.000000000000000					0.000000000000000	0.000000000000000
311							0.000000000000000	0.000000000000000					0.000000000000000	0.000000000000000
312							0.000000000000000	0.000000000000000					0.000000000000000	0.000000000000000
313							0.000000000000000	0.000000000000000					0.000000000000000	0.000000000000000
314							0.000000000000000	0.000000000000000					0.000000000000000	0.000000000000000
315							0.000000000000000	0.000000000000000					0.000000000000000	0.000000000000000
316							0.000000000000000	0.000000000000000					0.000000000000000	0.000000000000000
317							0.000000000000000	0.000000000000000					0.000000000000000	0.000000000000000
318							0.000000000000000	0.000000000000000					0.000000000000000	0.000000000000000
319							0.000000000000000	0.000000000000000					0.000000000000000	0.000000000000000
320							0.000000000000000	0.000000000000000					0.000000000000000	0.000000000000000
321							0.000000000000000	0.000000000000000					0.000000000000000	0.000000000000000
322							0.000000000000000	0.000000000000000					0.000000000000000	0.000000000000000
323							0.000000000000000	0.000000000000000					0.000000000000000	0.000000000000000
324							0.000000000000000	0.000000000000000					0.000000000000000	0.000000000000000
325							0.000000000000000	0.000000000000000					0.000000000000000	0.000000000000000
326							0.000000000000000	0.000000000000000					0.000000000000000	0.000000000000000
327							0.000000000000000	0.000000000000000					0.000000000000000	0.000000000000000
328							0.000000000000000	0.000000000000000					0.000000000000000	0.000000000000000
329							0.000000000000000	0.000000000000000					0.000000000000000	0.000000000000000
330							0.000000000000000	0.000000000000000					0.000000000000000	0.000000000000000
331							0.000000000000000	0.000000000000000					0.000000000000000	0.000000000000000
332							0.000000000000000	0.000000000000000					0.000000000000000	0.000000000000000
333							0.000000000000000	0.000000000000000					0.000000000000000	0.000000000000000
334							0.000000000000000	0.000000000000000					0.000000000000000	0.000000000000000
335							0.000000000000000	0.000000000000000					0.000000000000000	0.000000000000000
336							0.000000000000000	0.000000000000000					0.000000000000000	0.000000000000000
